{"stat.leaveGame":17,"stat.craftItem.minecraft.iron_axe":2,"stat.pickup.gravestone.death_info":8,"stat.entityKilledBy.techguns.ZombieFarmer":2,"stat.craftItem.minecraft.shield":1,"stat.useItem.minecraft.golden_shovel":27,"stat.mineBlock.gravestone.gravestone":9,"stat.pickup.minecraft.rotten_flesh":17,"stat.entityKilledBy.techguns.ZombieSoldier":4,"stat.craftItem.techguns.handcannon":1,"stat.killEntity.techguns.ZombieFarmer":8,"stat.hopperInspected":2,"stat.useItem.minecraft.iron_pickaxe":1775,"stat.craftItem.thermalfoundation.tool.hammer_copper":1,"stat.craftItem.minecraft.wooden_pickaxe":1,"stat.drop.gravestone.death_info":4,"stat.pickup.thermalfoundation.material":121,"stat.pickup.techguns.basicore":360,"stat.furnaceInteraction":82,"stat.killEntity.ZombieVillager":3,"stat.pickup.minecraft.nether_brick":2,"stat.craftItem.thermalfoundation.material":51,"stat.mineBlock.techguns.metalpanel":2,"stat.pickup.minecraft.beef":10,"stat.pickup.minecraft.furnace":14,"stat.pickup.minecraft.iron_chestplate":6,"stat.pickup.minecraft.potion":1,"stat.pickup.minecraft.pumpkin_seeds":2,"stat.pickup.minecraft.emerald":1,"stat.pickup.dynamictrees.oakseed":20,"stat.useItem.minecraft.beef":2,"stat.deaths":19,"stat.pickup.minecraft.egg":1,"stat.playOneMinute":350188,"stat.pickup.techguns.handcannon":5,"stat.pickup.techguns.t1_miner_helmet":1,"stat.craftItem.minecraft.iron_pickaxe":3,"stat.pickup.minecraft.iron_bars":20,"stat.drop.minecraft.glass_bottle":1,"stat.mineBlock.minecraft.tallgrass":7,"stat.chestOpened":57,"stat.useItem.minecraft.fish":2,"stat.useItem.minecraft.stone":30,"stat.pickup.minecraft.arrow":18,"stat.fallOneCm":32349,"stat.drop.minecraft.stone":4,"stat.pickup.minecraft.carrot":7,"stat.pickup.minecraft.melon_seeds":3,"stat.crouchOneCm":1899,"stat.mineBlock.minecraft.chest":4,"stat.entityKilledBy.techguns.Bandit":1,"stat.craftItem.minecraft.iron_ingot":148,"stat.craftingTableInteraction":39,"stat.drop.thermalfoundation.ore":1,"stat.pickup.techguns.revolver":3,"stat.killEntity.techguns.Bandit":1,"stat.killEntity.techguns.ZombieMiner":6,"stat.useItem.minecraft.furnace":6,"stat.pickup.minecraft.dye":51,"stat.pickup.minecraft.planks":75,"stat.pickup.minecraft.wheat_seeds":4,"stat.pickup.techguns.t1_miner_chestplate":1,"stat.mineBlock.minecraft.gravel":38,"stat.useItem.minecraft.stone_pickaxe":119,"stat.pickup.waystones.waystone":2,"stat.craftItem.minecraft.iron_leggings":1,"stat.mineBlock.minecraft.dirt":8,"stat.mineBlock.minecraft.monster_egg":1,"stat.useItem.minecraft.torch":17,"stat.useItem.minecraft.bread":9,"stat.pickup.minecraft.golden_apple":2,"stat.pickup.minecraft.iron_nugget":1,"stat.drop.minecraft.rotten_flesh":2,"stat.pickup.minecraft.crafting_table":17,"stat.useItem.minecraft.log":1,"stat.mineBlock.techguns.basicore":179,"stat.useItem.minecraft.cobblestone":228,"stat.craftItem.minecraft.crafting_table":3,"stat.useItem.minecraft.gravel":9,"stat.pickup.minecraft.iron_hoe":9,"stat.mineBlock.minecraft.emerald_ore":1,"stat.pickup.minecraft.log":533,"stat.useItem.minecraft.cooked_fish":2,"stat.pickup.minecraft.iron_pickaxe":11,"stat.drop.minecraft.iron_ore":5,"stat.pickup.usefulbackpacks.backpack":7,"stat.craftItem.usefulbackpacks.backpack":1,"stat.craftItem.minecraft.gold_ingot":6,"stat.pickup.minecraft.apple":7,"stat.drop.dynamictrees.oakseed":8,"stat.craftItem.minecraft.planks":22,"stat.drop.techguns.revolver":1,"stat.pickup.minecraft.book":6,"stat.mineBlock.minecraft.log":1,"stat.pickup.minecraft.red_flower":1,"stat.sneakTime":2418,"stat.pickup.minecraft.wool":23,"stat.pickup.minecraft.cooked_fish":4,"stat.pickup.minecraft.yellow_flower":4,"stat.pickup.minecraft.chest":4,"stat.cakeSlicesEaten":5,"stat.pickup.minecraft.bone":12,"stat.useItem.minecraft.iron_axe":54,"stat.mineBlock.minecraft.cobblestone":24,"stat.pickup.minecraft.stone_pickaxe":1,"stat.pickup.minecraft.flint":3,"stat.mineBlock.minecraft.yellow_flower":2,"stat.useItem.minecraft.diamond_sword":144,"stat.craftItem.minecraft.wool":3,"stat.swimOneCm":56895,"stat.pickup.minecraft.enchanted_book":2,"stat.climbOneCm":607,"stat.pickup.minecraft.cooked_porkchop":112,"stat.killEntity.techguns.ZombieSoldier":2,"stat.useItem.minecraft.stone_slab2":72,"stat.craftItem.minecraft.furnace":3,"stat.pickup.thermalfoundation.ore":495,"stat.useItem.minecraft.egg":1,"stat.pickup.minecraft.anvil":1,"stat.useItem.minecraft.iron_ore":1,"stat.craftItem.minecraft.stone_pickaxe":1,"stat.pickup.minecraft.cobblestone":2517,"stat.mineBlock.minecraft.carpet":47,"stat.flyOneCm":164057,"stat.pickup.minecraft.fish":3,"stat.useItem.minecraft.cooked_beef":2,"stat.pickup.minecraft.redstone":95,"stat.mineBlock.minecraft.iron_ore":155,"stat.timeSinceDeath":0,"stat.drop.minecraft.spider_eye":2,"stat.pickup.minecraft.mutton":4,"stat.killEntity.techguns.SkeletonSoldier":2,"stat.pickup.minecraft.chainmail_helmet":5,"stat.mineBlock.thermalfoundation.ore":305,"stat.useItem.minecraft.cooked_porkchop":4,"stat.pickup.minecraft.carpet":45,"stat.mineBlock.minecraft.coal_ore":100,"stat.mineBlock.minecraft.nether_brick":2,"stat.pickup.minecraft.shield":10,"stat.pickup.techguns.t1_combat_helmet":1,"stat.pickup.minecraft.string":6,"stat.entityKilledBy.Skeleton":1,"stat.sprintOneCm":323988,"stat.pickup.minecraft.paper":1,"stat.craftItem.minecraft.stone":12,"stat.mineBlock.minecraft.diamond_ore":9,"stat.pickup.techguns.t1_miner_leggings":1,"stat.mineBlock.minecraft.crafting_table":10,"stat.useItem.minecraft.diamond_pickaxe":36,"stat.waystones:waystonesActivated":3,"stat.pickup.minecraft.leather_leggings":1,"stat.drop":28,"stat.killEntity.Sheep":1,"stat.pickup.techguns.t1_scout_boots":1,"stat.craftItem.minecraft.diamond_pickaxe":1,"stat.killEntity.Zombie":22,"stat.mineBlock.minecraft.gold_ore":16,"stat.diveOneCm":16586,"stat.pickup.minecraft.wheat":12,"stat.pickup.minecraft.gravel":58,"stat.mineBlock.minecraft.anvil":1,"stat.useItem.minecraft.apple":5,"stat.useItem.minecraft.potion":2,"stat.pickup.minecraft.diamond_sword":7,"stat.jump":1864,"stat.pickup.minecraft.coal":304,"stat.pickup.minecraft.iron_ingot":56,"stat.pickup.minecraft.gunpowder":8,"stat.craftItem.minecraft.bread":1,"stat.pickup.minecraft.spider_eye":2,"stat.pickup.minecraft.dirt":9,"stat.pickup.minecraft.iron_ore":208,"stat.mineBlock.minecraft.iron_bars":16,"stat.pickup.minecraft.gold_ore":20,"stat.craftItem.minecraft.flint_and_steel":2,"stat.mineBlock.minecraft.lapis_ore":9,"stat.pickup.minecraft.iron_axe":11,"stat.damageTaken":6354,"stat.pickup.minecraft.leather":8,"stat.craftItem.techguns.revolver":1,"stat.mineBlock.minecraft.furnace":8,"stat.useItem.minecraft.wooden_pickaxe":59,"stat.pickup.minecraft.bed":6,"stat.pickup.techguns.metalpanel":4,"stat.entityKilledBy.Zombie":5,"stat.pickup.minecraft.diamond_axe":5,"stat.damageDealt":12675,"stat.sleepInBed":1,"stat.killEntity.Silverfish":1,"stat.killEntity.Cow":1,"stat.pickup.techguns.itemshared":94,"stat.walkOneCm":488529,"stat.pickup.minecraft.stick":137,"stat.pickup.techguns.t1_miner_boots":3,"stat.useItem.thermalfoundation.tool.hammer_copper":25,"stat.pickup.minecraft.stone":140,"stat.pickup.minecraft.cooked_beef":10,"stat.mineBlock.thermalfoundation.ore_fluid":14,"stat.killEntity.Skeleton":8,"stat.craftItem.techguns.itemshared":37,"stat.mineBlock.minecraft.stonebrick":3,"stat.killEntity.Spider":4,"stat.pickup.minecraft.bread":21,"stat.mineBlock.waystones.waystone":1,"stat.mobKills":74,"stat.mineBlock.minecraft.bookshelf":2,"stat.useItem.minecraft.golden_apple":2,"stat.pickup.minecraft.diamond":18,"stat.mineBlock.minecraft.redstone_ore":13,"stat.craftItem.minecraft.coal_block":7,"stat.mineBlock.minecraft.stone":1236}