{"stat.cakeSlicesEaten":7,"stat.pickup.minecraft.bone":15,"stat.useItem.minecraft.iron_axe":148,"stat.leaveGame":3,"stat.mineBlock.minecraft.cobblestone":38,"stat.pickup.minecraft.stone_pickaxe":2,"stat.entityKilledBy.techguns.ZombieMiner":2,"stat.craftItem.minecraft.iron_axe":1,"stat.swimOneCm":2312,"stat.climbOneCm":609,"stat.drop.minecraft.feather":3,"stat.killEntity.techguns.ZombieSoldier":1,"stat.pickup.minecraft.porkchop":9,"stat.mineBlock.quark.roots":3,"stat.mineBlock.gravestone.gravestone":2,"stat.useItem.minecraft.stone_slab2":9,"stat.pickup.minecraft.iron_boots":2,"stat.mineBlock.minecraft.red_mushroom":1,"stat.pickup.minecraft.rotten_flesh":1,"stat.craftItem.minecraft.furnace":5,"stat.pickup.thermalfoundation.ore":98,"stat.useItem.minecraft.egg":1,"stat.craftItem.minecraft.iron_boots":1,"stat.craftItem.minecraft.stone_pickaxe":1,"stat.pickup.minecraft.cobblestone":1566,"stat.mineBlock.minecraft.clay":1,"stat.flyOneCm":118251,"stat.killEntity.techguns.ZombieFarmer":5,"stat.pickup.quark.tallow":9,"stat.pickup.minecraft.redstone":6,"stat.mineBlock.minecraft.iron_ore":67,"stat.timeSinceDeath":38601,"stat.craftItem.thermalfoundation.tool.hammer_copper":3,"stat.useItem.minecraft.iron_pickaxe":170,"stat.craftItem.minecraft.wooden_pickaxe":1,"stat.mineBlock.minecraft.vine":1,"stat.pickup.thermalfoundation.material":20,"stat.mineBlock.thermalfoundation.ore":58,"stat.pickup.techguns.basicore":9,"stat.furnaceInteraction":36,"krake.kill":1,"stat.mineBlock.minecraft.dark_oak_stairs":2,"stat.mineBlock.minecraft.coal_ore":99,"stat.craftItem.thermalfoundation.material":29,"stat.entityKilledBy.techguns.PsychoSteve":1,"stat.pickup.travellersboots.bootsmki":1,"stat.pickup.minecraft.furnace":7,"stat.useItem.thermalfoundation.tool.hammer_iron":60,"stat.pickup.lycanitesmobs.spectralboltcharge":4,"stat.craftItem.minecraft.stone_slab2":0,"stat.craftItem.lycanitesmobs.boulderblastcharge":8,"stat.craftItem.travellersboots.bootsmki":1,"stat.sprintOneCm":150065,"stat.pickup.minecraft.iron_chestplate":1,"stat.craftItem.minecraft.stick":40,"stat.craftItem.minecraft.stone":64,"stat.pickup.lycanitesmobs.raw_aspid_meat":53,"stat.mineBlock.minecraft.crafting_table":2,"stat.pickup.dynamictrees.oakseed":13,"stat.pickup.lycanitesmobs.raw_krake_meat":1,"jabberwock.kill":2,"stat.deaths":4,"stat.mineBlock.minecraft.planks":6,"stat.drop":5,"stat.pickup.minecraft.egg":2,"stat.playOneMinute":106667,"stat.pickup.inventorypets.nugget_obsidian":20,"stat.pickup.minecraft.slime_ball":31,"stat.craftItem.minecraft.iron_pickaxe":1,"aspid.kill":17,"stat.pickup.minecraft.iron_bars":4,"stat.mineBlock.minecraft.tallgrass":9,"stat.diveOneCm":572,"stat.pickup.minecraft.wheat":6,"stat.chestOpened":2,"stat.craftItem.lycanitesmobs.cooked_aspid_meat":6,"stat.pickup.minecraft.gravel":1,"stat.pickup.minecraft.arrow":1,"stat.useItem.lycanitesmobs.cooked_aspid_meat":9,"stat.pickup.minecraft.obsidian":2,"stat.killEntity.Anthermite":1,"stat.pickup.inventorypets.furnace_pet":2,"stat.jump":737,"stat.pickup.minecraft.coal":114,"stat.pickup.minecraft.iron_helmet":1,"stat.fallOneCm":12674,"stat.pickup.minecraft.iron_ingot":3,"stat.pickup.minecraft.gunpowder":2,"stat.craftItem.minecraft.bread":1,"stat.mineBlock.minecraft.chest":1,"stat.craftItem.minecraft.torch":88,"stat.craftItem.minecraft.iron_ingot":40,"stat.pickup.minecraft.dirt":2,"stat.craftItem.minecraft.iron_helmet":1,"stat.pickup.minecraft.red_mushroom":1,"stat.pickup.minecraft.melon":33,"stat.useItem.minecraft.cooked_chicken":1,"stat.craftingTableInteraction":17,"stat.pickup.minecraft.iron_ore":83,"stat.pickup.lycanitesmobs.poisongland":8,"stat.pickup.minecraft.gold_ore":4,"reaper.kill":1,"stat.mineBlock.minecraft.iron_bars":4,"stat.pickup.minecraft.leaves":13,"stat.pickup.minecraft.iron_axe":2,"stat.pickup.minecraft.wooden_pickaxe":3,"stat.pickup.minecraft.feather":5,"stat.damageTaken":2550,"stat.pickup.minecraft.leather":10,"stat.mineBlock.minecraft.torch":17,"stat.mineBlock.minecraft.furnace":5,"stat.killEntity.techguns.ZombieMiner":1,"stat.useItem.minecraft.wooden_pickaxe":14,"stat.useItem.minecraft.furnace":3,"stat.pickup.minecraft.planks":126,"stat.pickup.minecraft.iron_leggings":1,"stat.pickup.lycanitesmobs.geonachspear":2,"stat.mineBlock.minecraft.gravel":1,"stat.useItem.minecraft.stone_pickaxe":120,"stat.craftItem.minecraft.iron_leggings":1,"stat.damageDealt":9202,"stat.killEntity.Silverfish":7,"stat.mineBlock.minecraft.dirt":1,"stat.killEntity.Pig":4,"stat.drop.minecraft.iron_axe":1,"stat.mineBlock.minecraft.monster_egg":8,"geonach.kill":16,"stat.pickup.techguns.itemshared":7,"stat.walkOneCm":282835,"stat.useItem.minecraft.torch":109,"stat.pickup.lycanitesmobs.geonachfist":2,"stat.pickup.minecraft.stick":57,"feradon.kill":1,"stat.pickup.minecraft.iron_nugget":4,"stat.pickup.minecraft.crafting_table":2,"stat.pickup.minecraft.clay_ball":13,"stat.mineBlock.techguns.basicore":12,"stat.useItem.minecraft.cobblestone":139,"stat.craftItem.minecraft.crafting_table":1,"stat.useItem.lycanitesmobs.cooked_krake_meat":1,"stat.mineBlock.quark.stone_speleothem":1,"stat.pickup.minecraft.log":177,"stat.useItem.thermalfoundation.tool.hammer_copper":140,"stat.useItem.minecraft.melon":6,"stat.pickup.minecraft.iron_pickaxe":1,"stat.craftItem.minecraft.gold_ingot":1,"stat.pickup.minecraft.stone":164,"stat.craftItem.minecraft.iron_chestplate":1,"stat.pickup.minecraft.chicken":3,"stat.pickup.minecraft.sapling":1,"stat.pickup.minecraft.apple":10,"stat.pickup.minecraft.gold_ingot":1,"stat.killEntity.Skeleton":2,"stat.drop.dynamictrees.oakseed":1,"stat.craftItem.techguns.itemshared":1,"stat.craftItem.minecraft.planks":72,"stat.killEntity.Chicken":3,"stat.killEntity.Spider":1,"stat.pickup.quark.root":1,"stat.pickup.minecraft.bread":4,"stat.pickup.minecraft.dark_oak_stairs":2,"stat.mobKills":63,"stat.mineBlock.minecraft.log":5,"stat.pickup.minecraft.quartz":54,"stat.craftItem.minecraft.cooked_chicken":1,"stat.mineBlock.minecraft.leaves":9,"stat.pickup.minecraft.torch":58,"stat.sneakTime":119,"stat.pickup.minecraft.cooked_fish":3,"stat.craftItem.thermalfoundation.tool.hammer_iron":1,"stat.mineBlock.minecraft.stone":1398,"stat.pickup.minecraft.chest":2}