{"stats":{"minecraft:used":{"minecraft:bread":3,"minecraft:stone_pickaxe":17,"minecraft:wooden_pickaxe":18,"minecraft:torch":4,"minecraft:dirt":1,"minecraft:crafting_table":2,"minecraft:beehive":1},"minecraft:mined":{"minecraft:glass_pane":1,"minecraft:beehive":1,"minecraft:crafting_table":2,"minecraft:torch":2,"minecraft:grass":5,"minecraft:grass_block":1,"minecraft:coal_ore":15,"minecraft:cobblestone":8,"minecraft:stone":10,"minecraft:wall_torch":2},"minecraft:crafted":{"minecraft:oak_planks":20,"minecraft:crafting_table":1,"minecraft:wooden_pickaxe":1,"minecraft:stone_pickaxe":1,"pixelmon:poke_ball":1,"minecraft:torch":4},"minecraft:custom":{"minecraft:time_since_rest":72091,"minecraft:waystone_activated":1,"minecraft:sprint_one_cm":64973,"minecraft:damage_taken":40,"minecraft:walk_one_cm":117311,"minecraft:drop":5,"minecraft:interact_with_crafting_table":2,"minecraft:fly_one_cm":26937,"minecraft:open_barrel":19,"minecraft:open_chest":23,"minecraft:play_one_minute":72091,"minecraft:walk_under_water_one_cm":2729,"minecraft:jump":272,"minecraft:interact_with_brewingstand":1,"minecraft:eat_cake_slice":1,"minecraft:leave_game":4,"minecraft:time_since_death":72091,"minecraft:walk_on_water_one_cm":3257,"minecraft:interact_with_smoker":1,"minecraft:fall_one_cm":3341},"minecraft:dropped":{"minecraft:red_bed":1,"dynamictrees:oak_seed":1,"minecraft:crafting_table":1,"minecraft:cobblestone":15,"minecraft:wooden_pickaxe":1},"minecraft:picked_up":{"pixelmon:poke_ball_lid":1,"minecraft:stick":5,"minecraft:beehive":1,"minecraft:crafting_table":3,"minecraft:torch":4,"minecraft:wooden_pickaxe":1,"sophisticatedbackpacks:backpack":1,"pixelmon:poke_ball":14,"minecraft:oak_log":5,"minecraft:stone_button":1,"minecraft:redstone":1,"minecraft:dirt":1,"minecraft:bread":2,"dynamictrees:oak_seed":1,"pixelmon:silver_base":1,"minecraft:coal":15,"minecraft:cobblestone":33}},"DataVersion":2586}