{"stat.leaveGame":7,"stat.entityKilledBy.techguns.ZombieMiner":2,"stat.craftItem.minecraft.iron_axe":2,"stat.drop.minecraft.feather":3,"stat.pickup.minecraft.porkchop":9,"stat.mineBlock.gravestone.gravestone":4,"stat.mineBlock.minecraft.red_mushroom":1,"stat.pickup.minecraft.rotten_flesh":2,"stat.pickup.inventorypets.nugget_diamond":3,"stat.killEntity.techguns.ZombieFarmer":8,"stat.pickup.quark.tallow":9,"stat.pickup.lycanitesmobs.boulderblastcharge":16,"stat.craftItem.thermalfoundation.tool.hammer_copper":6,"stat.useItem.minecraft.iron_pickaxe":218,"stat.craftItem.minecraft.wooden_pickaxe":1,"stat.craftItem.thermalfoundation.tool.excavator_iron":1,"stat.mineBlock.minecraft.vine":1,"stat.pickup.thermalfoundation.material":106,"stat.pickup.techguns.basicore":16,"stat.furnaceInteraction":37,"stat.mineBlock.minecraft.dark_oak_stairs":2,"stat.pickup.inventorypets.pacman_pet":1,"stat.craftItem.thermalfoundation.material":29,"stat.pickup.minecraft.beef":21,"stat.pickup.minecraft.furnace":17,"stat.useItem.thermalfoundation.tool.hammer_iron":185,"stat.pickup.lycanitesmobs.spectralboltcharge":8,"stat.craftItem.lycanitesmobs.boulderblastcharge":8,"stat.craftItem.travellersboots.bootsmki":1,"stat.pickup.minecraft.iron_chestplate":3,"afrit.kill":1,"stat.pickup.lycanitesmobs.raw_aspid_meat":56,"stat.pickup.minecraft.emerald":1,"stat.pickup.dynamictrees.oakseed":13,"stat.pickup.lycanitesmobs.raw_krake_meat":1,"jabberwock.kill":2,"stat.deaths":6,"stat.pickup.minecraft.egg":2,"stat.playOneMinute":189282,"stat.craftItem.minecraft.iron_pickaxe":1,"aspid.kill":18,"stat.pickup.minecraft.iron_bars":4,"stat.mineBlock.minecraft.tallgrass":10,"stat.chestOpened":7,"stat.useItem.minecraft.stone":57,"stat.pickup.minecraft.arrow":1,"maka.kill":2,"stat.pickup.inventorypets.nugget_ender":4,"stat.killEntity.Anthermite":1,"stat.craftItem.minecraft.coal":4,"stat.pickup.minecraft.cooked_chicken":2,"stat.fallOneCm":19062,"stat.crouchOneCm":5237,"stat.mineBlock.minecraft.chest":3,"stat.craftItem.minecraft.iron_ingot":40,"stat.craftItem.minecraft.chest":2,"stat.pickup.minecraft.red_mushroom":1,"stat.pickup.minecraft.melon":84,"stat.craftingTableInteraction":31,"stat.pickup.minecraft.wooden_pickaxe":3,"stat.pickup.minecraft.feather":5,"stat.killEntity.techguns.ZombieMiner":2,"stat.useItem.minecraft.furnace":7,"stat.pickup.minecraft.dye":8,"stat.pickup.minecraft.planks":228,"stat.pickup.minecraft.iron_leggings":3,"stat.pickup.minecraft.wheat_seeds":6,"stat.pickup.lycanitesmobs.geonachspear":2,"stat.mineBlock.minecraft.gravel":1,"stat.useItem.minecraft.stone_pickaxe":120,"stat.craftItem.minecraft.iron_leggings":1,"stat.mineBlock.minecraft.dirt":202,"stat.drop.minecraft.iron_axe":1,"stat.mineBlock.minecraft.monster_egg":8,"stat.useItem.minecraft.torch":175,"stat.pickup.lycanitesmobs.geonachfist":2,"feradon.kill":1,"stat.pickup.minecraft.iron_nugget":9,"stat.pickup.minecraft.crafting_table":6,"stat.mineBlock.techguns.basicore":34,"stat.useItem.minecraft.cobblestone":245,"stat.craftItem.minecraft.crafting_table":1,"stat.useItem.lycanitesmobs.cooked_krake_meat":1,"stat.useItem.minecraft.gravel":2,"stat.mineBlock.quark.stone_speleothem":1,"stat.pickup.minecraft.log":415,"stat.useItem.minecraft.cooked_fish":3,"stat.pickup.minecraft.iron_pickaxe":3,"stat.craftItem.minecraft.gold_ingot":1,"stat.pickup.minecraft.chicken":3,"stat.pickup.minecraft.sapling":1,"stat.pickup.minecraft.apple":26,"stat.pickup.inventorypets.nugget_emerald":2,"stat.drop.dynamictrees.oakseed":1,"stat.craftItem.minecraft.planks":88,"stat.pickup.quark.root":1,"stat.mineBlock.minecraft.log":14,"stat.craftItem.minecraft.cooked_chicken":1,"stat.sneakTime":1267,"stat.pickup.minecraft.cooked_fish":9,"stat.pickup.minecraft.chest":4,"stat.cakeSlicesEaten":7,"stat.pickup.minecraft.bone":41,"stat.useItem.minecraft.iron_axe":212,"stat.mineBlock.minecraft.cobblestone":49,"stat.pickup.minecraft.stone_pickaxe":4,"stat.swimOneCm":4947,"stat.climbOneCm":609,"stat.killEntity.techguns.ZombieSoldier":1,"stat.mineBlock.quark.roots":3,"stat.useItem.minecraft.dirt":134,"stat.useItem.minecraft.stone_slab2":25,"stat.pickup.minecraft.iron_boots":2,"stat.pickup.inventorypets.nugget_lapis":7,"stat.craftItem.minecraft.furnace":5,"stat.pickup.thermalfoundation.ore":133,"stat.useItem.minecraft.egg":1,"stat.craftItem.minecraft.iron_boots":1,"stat.craftItem.minecraft.stone_pickaxe":1,"stat.pickup.minecraft.cobblestone":3157,"stat.mineBlock.minecraft.clay":2,"stat.flyOneCm":168631,"stat.craftItem.minecraft.wooden_slab":102,"stat.pickup.minecraft.redstone":6,"stat.mineBlock.minecraft.iron_ore":111,"stat.timeSinceDeath":55217,"stat.useItem.minecraft.wooden_slab":1,"stat.mineBlock.thermalfoundation.ore":77,"krake.kill":1,"stat.mineBlock.minecraft.coal_ore":137,"stat.entityKilledBy.techguns.PsychoSteve":1,"stat.pickup.travellersboots.bootsmki":3,"stat.pickup.lycanitesmobs.scorchfireballcharge":8,"stat.craftItem.minecraft.stone_slab2":0,"stat.sprintOneCm":224594,"stat.craftItem.minecraft.stick":40,"stat.craftItem.minecraft.stone":64,"stat.mineBlock.minecraft.crafting_table":6,"stat.mineBlock.minecraft.planks":6,"stat.drop":5,"stat.pickup.inventorypets.nugget_obsidian":45,"stat.pickup.minecraft.slime_ball":34,"stat.killEntity.Zombie":1,"stat.mineBlock.minecraft.gold_ore":6,"stat.diveOneCm":1071,"stat.pickup.minecraft.wheat":13,"stat.craftItem.lycanitesmobs.cooked_aspid_meat":6,"stat.pickup.minecraft.gravel":5,"stat.useItem.lycanitesmobs.cooked_aspid_meat":17,"stat.pickup.minecraft.obsidian":5,"stat.pickup.inventorypets.furnace_pet":4,"stat.jump":1139,"stat.pickup.minecraft.coal":415,"stat.pickup.minecraft.iron_helmet":3,"stat.pickup.minecraft.iron_ingot":47,"stat.pickup.minecraft.gunpowder":2,"stat.craftItem.minecraft.bread":1,"stat.craftItem.minecraft.torch":148,"stat.pickup.minecraft.dirt":275,"stat.craftItem.minecraft.iron_helmet":1,"stat.useItem.minecraft.cooked_chicken":1,"stat.pickup.minecraft.iron_ore":215,"stat.pickup.lycanitesmobs.poisongland":18,"stat.pickup.minecraft.gold_ore":16,"reaper.kill":1,"stat.mineBlock.minecraft.iron_bars":4,"stat.mineBlock.minecraft.lapis_ore":1,"stat.pickup.minecraft.leaves":34,"stat.pickup.minecraft.iron_axe":4,"stat.damageTaken":3754,"stat.pickup.minecraft.leather":35,"stat.pickup.lycanitesmobs.raw_maka_meat":1,"stat.mineBlock.minecraft.torch":31,"stat.mineBlock.minecraft.furnace":5,"stat.useItem.minecraft.wooden_pickaxe":14,"stat.damageDealt":13448,"stat.killEntity.Silverfish":7,"stat.killEntity.Cow":11,"stat.killEntity.Pig":4,"geonach.kill":23,"stat.pickup.techguns.itemshared":9,"stat.walkOneCm":432805,"stat.useItem.minecraft.chest":1,"stat.pickup.dynamictrees.birchseed":18,"stat.pickup.minecraft.stick":153,"stat.pickup.minecraft.clay_ball":13,"stat.useItem.thermalfoundation.tool.hammer_copper":273,"stat.useItem.minecraft.melon":6,"stat.pickup.minecraft.stone":353,"stat.craftItem.minecraft.iron_chestplate":1,"stat.pickup.minecraft.gold_ingot":5,"stat.killEntity.Skeleton":2,"stat.craftItem.techguns.itemshared":1,"stat.pickup.lycanitesmobs.cooked_aspid_meat":48,"stat.killEntity.Chicken":3,"stat.killEntity.Spider":1,"stat.pickup.minecraft.bread":14,"stat.pickup.minecraft.dark_oak_stairs":2,"stat.mobKills":90,"stat.pickup.minecraft.quartz":78,"stat.pickup.minecraft.diamond":2,"stat.mineBlock.minecraft.leaves":11,"stat.pickup.minecraft.torch":72,"stat.mineBlock.minecraft.redstone_ore":11,"stat.craftItem.thermalfoundation.tool.hammer_iron":4,"stat.mineBlock.minecraft.stone":3417,"stat.useItem.thermalfoundation.tool.excavator_iron":31}