{"stat.pickup.minecraft.wooden_slab":82,"stat.leaveGame":12,"stat.useItem.lycanitesmobs.cooked_maka_meat":1,"stat.entityKilledBy.techguns.ZombieMiner":2,"stat.craftItem.minecraft.iron_axe":3,"stat.pickup.gravestone.death_info":2,"stat.drop.minecraft.feather":3,"stat.pickup.minecraft.porkchop":15,"stat.mineBlock.gravestone.gravestone":6,"stat.mineBlock.minecraft.red_mushroom":1,"stat.pickup.minecraft.rotten_flesh":6,"silex.kill":1,"stat.pickup.minecraft.brick_block":5,"stat.mineBlock.minecraft.wooden_slab":19,"stat.pickup.inventorypets.nugget_diamond":4,"shade.kill":2,"stat.pickup.dynamictrees.spruceseed":1,"shambler.kill":1,"stat.killEntity.techguns.ZombieFarmer":12,"stat.pickup.quark.tallow":16,"stat.pickup.lycanitesmobs.boulderblastcharge":16,"stat.craftItem.thermalfoundation.tool.hammer_copper":6,"stat.useItem.minecraft.iron_pickaxe":242,"stat.craftItem.minecraft.wooden_pickaxe":1,"stat.mineBlock.minecraft.brick_block":5,"stat.craftItem.thermalfoundation.tool.excavator_iron":1,"stat.mineBlock.minecraft.vine":1,"stat.pickup.thermalfoundation.material":107,"stat.pickup.techguns.basicore":16,"stat.furnaceInteraction":45,"stat.mineBlock.minecraft.dark_oak_stairs":2,"stat.pickup.inventorypets.pacman_pet":1,"stat.craftItem.thermalfoundation.material":29,"stat.pickup.minecraft.beef":31,"stat.pickup.minecraft.furnace":18,"stat.useItem.thermalfoundation.tool.hammer_iron":195,"stat.pickup.lycanitesmobs.spectralboltcharge":10,"stat.craftItem.lycanitesmobs.boulderblastcharge":8,"stat.craftItem.travellersboots.bootsmki":1,"stat.pickup.minecraft.iron_chestplate":5,"afrit.kill":1,"stat.pickup.lycanitesmobs.raw_aspid_meat":62,"stat.pickup.minecraft.pumpkin_seeds":3,"stat.pickup.minecraft.emerald":3,"stat.pickup.dynamictrees.oakseed":17,"stat.pickup.lycanitesmobs.raw_krake_meat":1,"jabberwock.kill":2,"stat.deaths":10,"stat.pickup.lycanitesmobs.geistliver":2,"stat.pickup.minecraft.egg":2,"stat.playOneMinute":270990,"stat.craftItem.minecraft.iron_pickaxe":2,"aspid.kill":18,"stat.pickup.minecraft.iron_bars":4,"stat.mineBlock.minecraft.tallgrass":12,"stat.chestOpened":17,"stat.useItem.minecraft.stone":71,"stat.pickup.minecraft.arrow":1,"maka.kill":2,"stat.pickup.inventorypets.nugget_ender":4,"stat.killEntity.Anthermite":1,"stat.craftItem.minecraft.coal":55,"stat.pickup.minecraft.cooked_chicken":2,"stat.fallOneCm":34044,"stat.crouchOneCm":17028,"stat.mineBlock.minecraft.chest":7,"stat.craftItem.minecraft.iron_ingot":40,"stat.craftItem.minecraft.chest":2,"stat.pickup.minecraft.red_mushroom":1,"stat.pickup.minecraft.melon":133,"stat.craftingTableInteraction":37,"stat.pickup.thermalfoundation.tool.excavator_iron":2,"stat.pickup.minecraft.wooden_pickaxe":3,"stat.pickup.minecraft.feather":5,"stat.killEntity.techguns.ZombieMiner":9,"stat.useItem.minecraft.furnace":7,"stat.pickup.minecraft.dye":10,"stat.pickup.minecraft.planks":228,"stat.pickup.minecraft.iron_leggings":5,"stat.pickup.minecraft.wheat_seeds":10,"stat.pickup.lycanitesmobs.geonachspear":2,"stat.mineBlock.minecraft.gravel":5,"stat.useItem.minecraft.stone_pickaxe":120,"stat.craftItem.minecraft.iron_leggings":1,"stat.mineBlock.minecraft.dirt":530,"stat.pickup.lycanitesmobs.raw_silex_meat":2,"stat.drop.minecraft.iron_axe":1,"stat.mineBlock.minecraft.monster_egg":8,"stat.useItem.minecraft.torch":201,"stat.pickup.lycanitesmobs.geonachfist":2,"feradon.kill":1,"stat.pickup.minecraft.iron_nugget":21,"stat.pickup.minecraft.crafting_table":8,"stat.mineBlock.techguns.basicore":34,"stat.useItem.minecraft.cobblestone":245,"stat.craftItem.minecraft.crafting_table":1,"stat.useItem.lycanitesmobs.cooked_krake_meat":1,"stat.useItem.minecraft.gravel":2,"stat.mineBlock.quark.stone_speleothem":1,"stat.pickup.inventorypets.ghast_pet":1,"stat.pickup.minecraft.log":671,"stat.useItem.minecraft.cooked_fish":3,"stat.pickup.minecraft.iron_pickaxe":4,"stat.craftItem.minecraft.gold_ingot":1,"stat.craftItem.usefulbackpacks.backpack":2,"stat.pickup.minecraft.chicken":3,"stat.pickup.minecraft.sapling":2,"stat.pickup.minecraft.apple":26,"stat.pickup.inventorypets.nugget_emerald":3,"stat.drop.dynamictrees.oakseed":1,"stat.craftItem.minecraft.planks":88,"stat.useItem.minecraft.iron_sword":36,"stat.pickup.quark.root":1,"stat.mineBlock.minecraft.log":30,"stat.craftItem.minecraft.cooked_chicken":1,"stat.sneakTime":6620,"stat.pickup.minecraft.wool":14,"ent.kill":2,"stat.pickup.minecraft.cooked_fish":9,"stat.pickup.minecraft.chest":8,"stat.cakeSlicesEaten":14,"stat.pickup.minecraft.bone":43,"stat.useItem.minecraft.iron_axe":330,"stat.mineBlock.minecraft.cobblestone":49,"stat.pickup.minecraft.stone_pickaxe":5,"stat.pickup.techguns.scar":1,"stat.swimOneCm":11777,"stat.climbOneCm":678,"stat.killEntity.techguns.ZombieSoldier":1,"stat.craftItem.minecraft.gold_block":1,"stat.mineBlock.quark.roots":3,"stat.useItem.minecraft.dirt":183,"stat.useItem.minecraft.stone_slab2":45,"stat.pickup.minecraft.iron_boots":2,"stat.pickup.inventorypets.nugget_lapis":28,"stat.craftItem.minecraft.furnace":5,"stat.pickup.thermalfoundation.ore":133,"stat.craftItem.travellersboots.bootsmkii":1,"stat.useItem.minecraft.egg":1,"stat.craftItem.minecraft.iron_boots":1,"stat.craftItem.minecraft.stone_pickaxe":1,"stat.pickup.minecraft.cobblestone":3243,"stat.mineBlock.minecraft.clay":2,"stat.useItem.minecraft.brick_block":4,"stat.flyOneCm":280343,"stat.craftItem.minecraft.wooden_slab":102,"stat.pickup.minecraft.redstone":8,"stat.mineBlock.minecraft.iron_ore":111,"yale.kill":1,"stat.timeSinceDeath":51793,"stat.useItem.minecraft.wooden_slab":113,"stat.pickup.minecraft.mutton":18,"stat.mineBlock.thermalfoundation.ore":77,"stat.pickup.inventorypets.pig_pet":1,"krake.kill":1,"stat.drop.minecraft.dirt":1,"stat.mineBlock.minecraft.coal_ore":151,"stat.pickup.minecraft.string":3,"stat.entityKilledBy.techguns.PsychoSteve":1,"stat.pickup.travellersboots.bootsmki":5,"stat.pickup.lycanitesmobs.scorchfireballcharge":8,"grue.kill":2,"stat.craftItem.minecraft.stone_slab2":0,"stat.pickup.thermalfoundation.tool.hammer_iron":2,"stat.sprintOneCm":320483,"stat.craftItem.minecraft.stick":40,"stat.craftItem.minecraft.stone":64,"stat.pickup.techguns.t1_miner_leggings":1,"stat.mineBlock.minecraft.crafting_table":8,"stat.mineBlock.minecraft.planks":6,"stat.drop":6,"stat.pickup.inventorypets.nugget_obsidian":54,"stat.killEntity.Sheep":13,"stat.pickup.minecraft.slime_ball":34,"stat.killEntity.Zombie":2,"stat.pickup.lycanitesmobs.raw_yale_meat":2,"stat.mineBlock.minecraft.gold_ore":6,"stat.diveOneCm":9549,"stat.pickup.minecraft.wheat":27,"stat.craftItem.lycanitesmobs.cooked_aspid_meat":9,"stat.pickup.minecraft.gravel":9,"stat.useItem.lycanitesmobs.cooked_aspid_meat":19,"stat.pickup.minecraft.obsidian":12,"stat.pickup.inventorypets.furnace_pet":4,"stat.jump":1433,"stat.pickup.minecraft.coal":434,"stat.pickup.minecraft.iron_helmet":5,"stat.pickup.minecraft.iron_ingot":256,"stat.pickup.minecraft.gunpowder":8,"stat.craftItem.minecraft.bread":1,"stat.craftItem.minecraft.torch":148,"stat.pickup.minecraft.dirt":601,"stat.craftItem.minecraft.iron_helmet":1,"stat.useItem.minecraft.cooked_chicken":1,"stat.pickup.minecraft.iron_ore":217,"stat.pickup.lycanitesmobs.poisongland":20,"stat.pickup.minecraft.gold_ore":16,"reaper.kill":1,"stat.mineBlock.minecraft.iron_bars":4,"stat.mineBlock.minecraft.lapis_ore":1,"stat.pickup.minecraft.leaves":72,"stat.pickup.minecraft.iron_axe":6,"stat.damageTaken":4871,"stat.pickup.minecraft.leather":47,"stat.pickup.lycanitesmobs.raw_maka_meat":1,"stat.mineBlock.minecraft.torch":50,"stat.mineBlock.minecraft.furnace":6,"stat.useItem.minecraft.wooden_pickaxe":14,"stat.pickup.minecraft.bed":2,"stat.entityKilledBy.Zombie":1,"stat.damageDealt":19263,"stat.pickup.inventorypets.dubstep_pet":1,"stat.sleepInBed":1,"stat.killEntity.Silverfish":7,"stat.killEntity.Cow":17,"stat.killEntity.Pig":8,"geonach.kill":24,"stat.pickup.techguns.itemshared":12,"stat.walkOneCm":574753,"lurker.kill":1,"stat.useItem.minecraft.chest":1,"stat.playerKills":1,"stat.pickup.dynamictrees.birchseed":18,"stat.pickup.minecraft.stick":176,"stat.pickup.minecraft.clay_ball":13,"stat.pickup.lycanitesmobs.quillcharge":3,"stat.pickup.inventorypets.cow_pet":1,"stat.useItem.thermalfoundation.tool.hammer_copper":273,"stat.useItem.minecraft.melon":6,"stat.pickup.minecraft.stone":372,"stat.craftItem.minecraft.iron_chestplate":1,"stat.pickup.minecraft.ender_pearl":7,"quillbeast.kill":1,"stat.pickup.minecraft.gold_ingot":31,"stat.killEntity.Skeleton":2,"stat.craftItem.techguns.itemshared":1,"stat.pickup.lycanitesmobs.cooked_aspid_meat":82,"stat.killEntity.Chicken":3,"stat.killEntity.Spider":1,"stat.pickup.minecraft.bread":14,"stat.pickup.minecraft.dark_oak_stairs":2,"stat.mobKills":136,"stat.pickup.minecraft.quartz":80,"stat.pickup.minecraft.diamond":8,"stat.mineBlock.minecraft.leaves":29,"stat.pickup.minecraft.torch":121,"stat.mineBlock.minecraft.redstone_ore":11,"stat.craftItem.thermalfoundation.tool.hammer_iron":4,"stat.mineBlock.minecraft.stone":3454,"stat.useItem.thermalfoundation.tool.excavator_iron":88}