{"stat.chestOpened":4,"stat.craftItem.minecraft.stone_shovel":1,"stat.mineBlock.minecraft.monster_egg":1,"stat.pickup.dynamictrees.darkoakseed":7,"stat.pickup.techguns.itemshared":2,"stat.walkOneCm":262084,"stat.useItem.minecraft.torch":11,"stat.pickup.minecraft.bone":1,"stat.useItem.minecraft.chest":1,"stat.pickup.minecraft.stick":14,"stat.leaveGame":5,"stat.pickup.minecraft.arrow":2,"stat.pickup.minecraft.crafting_table":4,"stat.mineBlock.thermalfoundation.ore":10,"stat.pickup.techguns.basicore":7,"stat.useItem.minecraft.cobblestone":66,"stat.mineBlock.techguns.basicore":7,"stat.craftItem.minecraft.crafting_table":2,"stat.furnaceInteraction":3,"stat.useItem.minecraft.cooked_porkchop":10,"stat.pickup.minecraft.carpet":1,"stat.mineBlock.minecraft.coal_ore":48,"stat.pickup.minecraft.log":16,"stat.jump":885,"stat.swimOneCm":4285,"stat.pickup.minecraft.coal":48,"stat.fallOneCm":14962,"stat.pickup.minecraft.iron_ingot":27,"stat.useItem.minecraft.planks":14,"stat.pickup.minecraft.furnace":1,"stat.pickup.minecraft.cooked_porkchop":18,"stat.useItem.minecraft.stone_axe":45,"stat.pickup.minecraft.stone":8,"stat.pickup.minecraft.porkchop":10,"stat.craftItem.minecraft.iron_chestplate":1,"stat.crouchOneCm":2695,"stat.craftItem.minecraft.chest":2,"stat.craftItem.minecraft.torch":76,"stat.pickup.minecraft.dirt":13,"stat.craftItem.minecraft.iron_helmet":1,"stat.sprintOneCm":65828,"stat.useItem.minecraft.stone_slab2":10,"stat.pickup.minecraft.cooked_beef":64,"stat.craftItem.minecraft.stick":36,"stat.craftItem.minecraft.wooden_axe":1,"stat.craftingTableInteraction":14,"stat.killEntity.Skeleton":1,"stat.craftItem.minecraft.furnace":1,"stat.pickup.thermalfoundation.ore":10,"stat.craftItem.minecraft.planks":212,"stat.craftItem.minecraft.stone_axe":1,"stat.craftItem.minecraft.iron_boots":1,"stat.mineBlock.minecraft.crafting_table":4,"stat.damageTaken":676,"stat.pickup.minecraft.leather":1,"stat.killEntity.Spider":1,"stat.craftItem.minecraft.stone_pickaxe":1,"stat.mineBlock.minecraft.furnace":1,"stat.mineBlock.minecraft.red_flower":3,"stat.mineBlock.minecraft.torch":3,"stat.killEntity.techguns.ZombieMiner":1,"stat.useItem.minecraft.wooden_pickaxe":18,"stat.pickup.minecraft.cobblestone":171,"stat.mobKills":15,"stat.pickup.dynamictrees.oakseed":2,"stat.pickup.minecraft.log2":42,"stat.pickup.minecraft.planks":52,"stat.craftItem.minecraft.stone_sword":1,"stat.flyOneCm":88719,"stat.pickup.minecraft.wheat_seeds":4,"stat.playOneMinute":57945,"stat.pickup.minecraft.torch":4,"stat.useItem.minecraft.stone_pickaxe":17,"stat.pickup.minecraft.red_flower":2,"stat.pickup.waystones.waystone":2,"stat.sneakTime":934,"stat.craftItem.minecraft.iron_leggings":1,"stat.craftItem.minecraft.iron_pickaxe":1,"stat.killEntity.techguns.ZombieFarmer":2,"stat.damageDealt":1720,"stat.pickup.minecraft.redstone":5,"stat.killEntity.Zombie":1,"stat.timeSinceDeath":57945,"stat.useItem.minecraft.wooden_axe":4,"stat.killEntity.Silverfish":1,"stat.mineBlock.minecraft.dirt":13,"stat.useItem.minecraft.crafting_table":3,"stat.useItem.minecraft.iron_pickaxe":220,"stat.craftItem.minecraft.wooden_pickaxe":1,"stat.mineBlock.minecraft.stone":170,"stat.killEntity.Pig":8,"stat.mineBlock.minecraft.tallgrass":13,"stat.diveOneCm":7101}