{"stats":{"minecraft:mined":{"pixelmon:relic_crown":1,"minecraft:iron_ore":5,"quark:marble":3,"minecraft:yellow_bed":1,"minecraft:crafting_table":1,"pixelmon:red_healer":1,"minecraft:grass":7,"dynamictrees:acacia_leaves":1,"minecraft:grass_block":87,"minecraft:coal_ore":18,"minecraft:gravel":1,"minecraft:dirt":1,"minecraft:spruce_wood":2,"minecraft:stone":57},"minecraft:used":{"minecraft:cooked_mutton":1,"minecraft:stone_shovel":89,"minecraft:bread":11,"minecraft:stone_pickaxe":85,"pixelmon:figy_berry":1,"minecraft:wooden_pickaxe":3,"pixelmon:aluminium_sword":1,"minecraft:dirt":1,"minecraft:crafting_table":3,"minecraft:furnace":1,"quark:marble":3,"minecraft:cooked_beef":2,"pixelmon:ruby_axe":13},"minecraft:crafted":{"minecraft:stone_shovel":1,"minecraft:crafting_table":2,"minecraft:iron_ingot":3,"minecraft:wooden_pickaxe":1,"minecraft:stone_pickaxe":1,"minecraft:furnace":1,"minecraft:acacia_planks":12,"minecraft:dark_oak_planks":248,"minecraft:air":0},"minecraft:custom":{"minecraft:time_since_rest":101531,"minecraft:waystone_activated":2,"minecraft:interact_with_furnace":2,"minecraft:sprint_one_cm":197816,"minecraft:damage_taken":370,"minecraft:walk_one_cm":145115,"minecraft:drop":12,"minecraft:interact_with_crafting_table":9,"minecraft:fly_one_cm":468970,"minecraft:open_barrel":17,"minecraft:open_chest":24,"minecraft:crouch_one_cm":1494,"minecraft:play_one_minute":101531,"minecraft:sneak_time":750,"minecraft:walk_under_water_one_cm":3205,"minecraft:interact_with_lectern":1,"minecraft:jump":1494,"minecraft:interact_with_brewingstand":3,"minecraft:leave_game":2,"minecraft:walk_on_water_one_cm":4975,"minecraft:time_since_death":101531,"minecraft:climb_one_cm":3673,"minecraft:fall_one_cm":42717},"minecraft:dropped":{"minecraft:dirt":88,"pixelmon:ruby_axe":1,"pixelmon:xl_exp_candy":64,"pixelmon:chople_berry":1,"pixelmon:tumblestone":1,"minecraft:rotten_flesh":2,"pixelmon:oran_berry":1,"sophisticatedbackpacks:backpack":1,"pixelmon:cheri_berry":2,"minecraft:dark_prismarine":1},"minecraft:picked_up":{"minecraft:stick":82,"minecraft:crafting_table":1,"minecraft:azure_bluet":3,"minecraft:acacia_log":15,"pixelmon:poke_ball":5,"pixelmon:aluminium_ingot":1,"dynamictrees:acacia_seed":3,"minecraft:yellow_bed":1,"minecraft:dirt":87,"minecraft:dark_oak_log":190,"pixelmon:figy_berry":1,"pixelmon:ruby_axe":1,"pixelmon:xl_exp_candy":64,"dynamictrees:dark_oak_seed":25,"minecraft:wheat_seeds":6,"pixelmon:tr8_blank":1,"pixelmon:relic_crown":1,"minecraft:iron_ore":5,"minecraft:coal":18,"quark:marble":3,"minecraft:cobblestone":57}},"DataVersion":2586}