{"stat.mineBlock.quark.roots_white_flower":1,"stat.leaveGame":12,"stat.craftItem.thermalfoundation.wrench":1,"stat.pickup.mutantbeasts.mutant_skeleton_pelvis":1,"stat.craftItem.minecraft.ender_eye":1,"stat.killEntity.PigZombie":3,"stat.entityKilledBy.techguns.ZombieFarmer":1,"stat.pickup.inventorypets.black_hole_pet":1,"stat.useItem.elevatorid.elevator_white":1,"stat.mineBlock.gravestone.gravestone":8,"stat.pickup.minecraft.rotten_flesh":33,"stat.craftItem.minecraft.stone_axe":3,"stat.killEntity.Enderman":1,"stat.entityKilledBy.techguns.ZombieSoldier":4,"stat.pickup.quark.tallow":38,"stat.pickup.thermalfoundation.upgrade":2,"stat.craftItem.minecraft.wooden_pickaxe":1,"stat.pickup.dynamictrees.darkoakseed":15,"stat.craftItem.minecraft.bed":1,"salamander.kill":5,"stat.pickup.thermalfoundation.material":20,"stat.pickup.techguns.basicore":212,"banshee.kill":2,"stat.furnaceInteraction":97,"stat.pickup.minecraft.nether_brick":64,"stat.pickup.minecraft.beef":57,"stat.pickup.lycanitesmobs.spectralboltcharge":8,"stat.mineBlock.thermalexpansion.dynamo":2,"pinky.kill":10,"stat.useItem.minecraft.flint_and_steel":1,"stat.pickup.lycanitesmobs.raw_aspid_meat":4,"stat.pickup.minecraft.emerald":1,"stat.pickup.dynamictrees.oakseed":10,"stat.pickup.lycanitesmobs.raw_krake_meat":6,"nymph.kill":2,"stat.pickup.lycanitesmobs.raw_chupacabra_meat":2,"stat.deaths":20,"stat.pickup.lycanitesmobs.geistliver":18,"stat.pickup.minecraft.egg":1,"stat.pickup.techguns.t1_miner_helmet":2,"stat.useItem.minecraft.nether_brick":39,"aspid.kill":1,"stat.entityKilledBy.techguns.ZombiePigmanSoldier":2,"stat.drop.minecraft.torch":1,"stat.craftItem.mutantbeasts.mutant_skeleton_arms":1,"stat.mineBlock.minecraft.tallgrass":72,"stat.chestOpened":19,"stat.pickup.lycanitesmobs.poisonraycharge":5,"stat.craftItem.minecraft.sign":3,"stat.useItem.minecraft.stone":136,"stat.craftItem.lycanitesmobs.dragontreat":8,"stat.pickup.techguns.t1_combat_leggings":1,"maka.kill":14,"stat.pickup.travellersboots.bootsmkiv":2,"stat.killEntity.Ghast":1,"stat.pickup.minecraft.lapis_ore":6,"stat.pickup.inventorypets.cloud_pet":1,"stat.pickup.minecraft.gold_nugget":15,"geist.kill":7,"stat.mineBlock.elevatorid.elevator_white":1,"stat.useItem.lycanitesmobs.cooked_yale_meat":1,"stat.pickup.mutantbeasts.mutant_skeleton_shoulder_pad":2,"stat.pickup.mutantbeasts.mutant_skeleton_skull":1,"stat.pickup.lycanitesmobs.doomfireballcharge":67,"stat.crouchOneCm":123333,"stat.mineBlock.minecraft.chest":1,"stat.craftItem.minecraft.iron_ingot":163,"stat.craftingTableInteraction":99,"stat.mineBlock.minecraft.log2":8,"stat.craftItem.minecraft.nether_brick":64,"stat.pickup.minecraft.dye":77,"chupacabra.kill":1,"stat.pickup.minecraft.wheat_seeds":142,"stat.pickup.techguns.t1_miner_chestplate":2,"stat.mineBlock.minecraft.glass":1,"stat.killEntity.techguns.ZombiePigmanSoldier":34,"stat.pickup.minecraft.ice":8,"stat.mineBlock.minecraft.dirt":4456,"stat.pickup.lycanitesmobs.geonachfist":12,"stat.useItem.minecraft.cobblestone":171,"stat.pickup.lycanitesmobs.embercharge":2,"stat.useItem.minecraft.gravel":3,"stat.mineBlock.minecraft.double_plant":1,"stat.useItem.lycanitesmobs.bulwark_burger":8,"stat.craftItem.minecraft.gold_ingot":107,"stat.pickup.minecraft.apple":29,"stat.pickup.inventorypets.nugget_emerald":5,"stat.craftItem.minecraft.planks":140,"stat.useItem.minecraft.stonebrick":472,"stat.mineBlock.minecraft.log":37,"stat.craftItem.minecraft.paper":6,"stat.craftItem.mutantbeasts.mutant_skeleton_leggings":1,"stat.pickup.minecraft.red_flower":3,"stat.craftItem.thermalexpansion.frame":4,"stat.pickup.mutantbeasts.mutant_skeleton_limb":8,"stat.pickup.minecraft.wool":68,"stat.pickup.thermalfoundation.tool.excavator_diamond":9,"stat.pickup.lycanitesmobs.sprigganheart":3,"stat.mineBlock.minecraft.cobblestone":61,"stat.pickup.minecraft.stone_pickaxe":15,"stat.pickup.minecraft.flint":212,"stat.craftItem.thermalexpansion.cell":1,"stat.craftItem.minecraft.wool":3,"stat.pickup.techguns.netherblaster":1,"roc.tame":1,"stat.pickup.minecraft.cooked_porkchop":34,"stat.killEntity.techguns.ZombieSoldier":12,"stat.pickup.minecraft.writable_book":1,"stat.useItem.minecraft.obsidian":15,"stat.mineBlock.ironchest.iron_chest":5,"stat.useItem.minecraft.stone_slab2":134,"stat.killEntity.Piranha":13,"stat.craftItem.minecraft.furnace":3,"stat.pickup.thermalfoundation.ore":316,"stat.craftItem.minecraft.iron_boots":1,"stat.pickup.minecraft.coal_ore":43,"stat.craftItem.minecraft.cooked_beef":46,"stat.mineBlock.minecraft.obsidian":110,"stat.pickup.mutantbeasts.mutant_skeleton_rib":6,"stat.mineBlock.minecraft.clay":41,"stat.flyOneCm":2660086,"stat.pickup.inventorypets.spider_pet":2,"stat.pickup.minecraft.fish":6,"stat.craftItem.minecraft.emerald_block":1,"yale.kill":21,"stat.timeSinceDeath":4433,"stat.pickup.minecraft.quartz_ore":18,"stat.pickup.thermalexpansion.dynamo":4,"stat.craftItem.minecraft.stonebrick":1088,"stat.craftItem.lycanitesmobs.cooked_maka_meat":44,"stat.pickup.minecraft.nether_wart":44,"stat.pickup.thermaldynamics.duct_0":7,"stat.mineBlock.minecraft.coal_ore":200,"stat.killEntity.Creeper":1,"stat.pickup.minecraft.string":48,"stat.pickup.lycanitesmobs.scorchfireballcharge":4,"grue.kill":2,"stat.pickup.techguns.t1_scout_helmet":1,"stat.pickup.lycanitesmobs.raw_arisaur_meat":22,"stat.pickup.inventorypets.anvil_pet":7,"stat.killEntity.Squid":2,"stat.craftItem.thermalfoundation.tool.hammer_diamond":2,"stat.sprintOneCm":1054624,"stat.useItem.carryon.tile_item":6,"stat.mineBlock.minecraft.diamond_ore":22,"stat.craftItem.lycanitesmobs.cooked_arisaur_meat":22,"stat.mineBlock.quark.marble":285,"stat.pickup.minecraft.vine":4,"stat.pickup.lycanitesmobs.immunizer":3,"stat.pickup.techguns.t1_scout_boots":1,"stat.killEntity.Zombie":7,"stat.pickup.minecraft.snowball":5,"stat.craftItem.minecraft.diamond_axe":1,"stat.mineBlock.minecraft.gold_ore":33,"stat.diveOneCm":88458,"stat.pickup.minecraft.wheat":92,"stat.pickup.minecraft.sign":8,"stat.pickup.techguns.t2_combat_chestplate":2,"stat.craftItem.minecraft.cooked_porkchop":32,"stat.craftItem.thermalexpansion.cache":1,"stat.pickup.minecraft.stone_axe":10,"stat.pickup.techguns.t1_combat_chestplate":1,"stat.pickup.minecraft.obsidian":135,"stat.craftItem.thermalexpansion.machine":3,"stat.jump":4166,"stat.pickup.minecraft.coal":537,"stat.pickup.minecraft.iron_ingot":54,"stat.pickup.minecraft.gunpowder":44,"stat.craftItem.minecraft.torch":356,"stat.pickup.minecraft.dirt":5027,"stat.pickup.techguns.t2_combat_helmet":4,"stat.pickup.lycanitesmobs.cooked_yale_meat":6,"stat.useItem.minecraft.glass":61,"stat.pickup.lycanitesmobs.poisongland":7,"reaper.kill":8,"stat.pickup.minecraft.gold_ore":83,"stat.mineBlock.minecraft.lapis_ore":11,"stat.pickup.inventorypets.purplicious_cow_pet":1,"stat.damageTaken":15676,"stat.mineBlock.minecraft.torch":19,"stat.pickup.minecraft.magma_cream":5,"stat.pickup.minecraft.ender_eye":12,"stat.pickup.minecraft.log2":391,"stat.craftItem.mutantbeasts.mutant_skeleton_chestplate":1,"stat.pickup.minecraft.bed":1,"stat.pickup.lycanitesmobs.faeboltcharge":3,"volcan.kill":2,"stat.useItem.thermalexpansion.augment":1,"geonach.kill":58,"stat.pickup.techguns.itemshared":216,"stat.useItem.thermalfoundation.tool.hammer_diamond":2207,"lurker.kill":2,"stat.pickup.minecraft.diamond_pickaxe":1,"stat.useItem.minecraft.lava_bucket":3,"stat.pickup.lycanitesmobs.aetherwavecharge":3,"stat.pickup.lycanitesmobs.cooked_maka_meat":36,"stat.pickup.minecraft.ender_pearl":15,"stat.drop.minecraft.egg":1,"stat.pickup.minecraft.cooked_beef":225,"stat.useItem.minecraft.netherrack":537,"stat.craftItem.mutantbeasts.mutant_skeleton_rib_cage":1,"stat.craftItem.techguns.itemshared":210,"stat.mineBlock.minecraft.stonebrick":54,"stat.mobKills":434,"stat.pickup.minecraft.diamond":102,"stat.pickup.minecraft.torch":464,"stat.useItem.legendarium.weapon_alatar":1,"stat.craftItem.thermalfoundation.upgrade":4,"stat.craftItem.lycanitesmobs.cooked_yale_meat":7,"stat.drop.minecraft.stone_axe":2,"stat.useItem.techguns.simplemachine":1,"stat.mineBlock.quark.netherrack_speleothem":1,"stat.entityKilledBy.techguns.ZombieMiner":1,"stat.killEntity.Blaze":1,"stat.killEntity.mutantbeasts.mutant_skeleton":1,"stat.pickup.gravestone.death_info":7,"ventoraptor.kill":3,"stat.pickup.minecraft.glowstone_dust":11,"stat.pickup.minecraft.porkchop":44,"stat.pickup.minecraft.glass":45,"stat.useItem.thermalfoundation.upgrade":6,"stat.useItem.minecraft.water_bucket":7,"stat.pickup.minecraft.sand":233,"morock.kill":2,"stat.pickup.lycanitesmobs.hellfireballcharge":2,"shade.kill":1,"stat.pickup.inventorypets.sheep_pet":2,"stat.mineBlock.minecraft.sand":202,"stat.pickup.elevatorid.elevator_white":1,"stat.pickup.quark.marble":292,"stat.useItem.lycanitesmobs.dragonspawn":4,"stat.killEntity.techguns.ZombieFarmer":22,"remobra.kill":1,"stat.craftItem.minecraft.blaze_powder":2,"stat.pickup.thermalexpansion.cell":2,"stat.pickup.minecraft.ghast_tear":2,"stat.drop.gravestone.death_info":18,"stat.craftItem.lycanitesmobs.lifedraincharge":4,"stat.craftItem.thermalfoundation.material":162,"stat.pickup.lycanitesmobs.belphegorarm":1,"stat.pickup.minecraft.furnace":13,"stat.craftItem.minecraft.ender_pearl":1,"stat.useItem.minecraft.redstone":1,"stat.useItem.thermaldynamics.duct_0":32,"stat.craftItem.travellersboots.bootsmki":1,"stat.craftItem.lycanitesmobs.boulderblastcharge":12,"stat.pickup.minecraft.skull":8,"stat.killEntity.techguns.CyberDemon":7,"afrit.kill":2,"stat.craftItem.ironchest.iron_chest":24,"stat.pickup.minecraft.pumpkin_seeds":3,"stat.pickup.minecraft.fermented_spider_eye":4,"stat.pickup.ironchest.iron_chest":13,"stat.playOneMinute":567289,"stat.pickup.minecraft.blaze_rod":10,"stat.pickup.techguns.handcannon":2,"stat.craftItem.eplus.advanced_table":1,"stat.craftItem.minecraft.diamond_block":1,"stat.mineBlock.minecraft.brown_mushroom_block":1,"stat.pickup.eplus.advanced_table":3,"stat.pickup.minecraft.netherrack":5009,"quetzodracl.kill":1,"aglebemu.kill":2,"stat.mineBlock.minecraft.netherrack":3137,"stat.useItem.minecraft.sponge":7,"stat.pickup.minecraft.waterlily":1,"stat.useItem.lycanitesmobs.amphibianspawn":5,"stat.pickup.inventorypets.nugget_ender":11,"stat.pickup.inventorypets.wither_pet":1,"stat.craftItem.minecraft.iron_nugget":324,"stat.useItem.legendarium.weapon_saruman":1,"wendigo.kill":1,"stat.fallOneCm":324113,"stat.craftItem.minecraft.chest":5,"stat.pickup.minecraft.melon":46,"stat.entityKilledBy.techguns.CyberDemon":1,"arix.kill":5,"stat.killEntity.techguns.Bandit":3,"sylph.kill":2,"stat.pickup.minecraft.feather":11,"stat.killEntity.techguns.ZombieMiner":18,"stat.useItem.minecraft.furnace":1,"stat.useItem.lycanitesmobs.aberrationspawn":11,"stat.killEntity.Llama":2,"stat.craftItem.thermalfoundation.tool.excavator_diamond":1,"stat.pickup.lycanitesmobs.geonachspear":5,"stat.mineBlock.minecraft.gravel":235,"stat.useItem.minecraft.stone_pickaxe":42,"stat.pickup.minecraft.redstone_ore":17,"arisaur.kill":3,"eyewig.kill":1,"stat.pickup.minecraft.flint_and_steel":1,"stat.useItem.minecraft.torch":260,"stat.pickup.minecraft.iron_nugget":376,"stat.craftItem.minecraft.redstone_block":10,"stat.useItem.ironchest.iron_chest":2,"stat.pickup.minecraft.crafting_table":15,"stat.mineBlock.techguns.basicore":121,"stat.pickup.lycanitesmobs.ventoraptorskull":1,"stat.craftItem.minecraft.crafting_table":1,"stat.craftItem.travellersboots.bootsmkiii":1,"stat.mineBlock.quark.stone_speleothem":4,"stat.pickup.minecraft.redstone_block":5,"stat.pickup.minecraft.log":48,"stat.pickup.thermalfoundation.tool.hammer_diamond":9,"stat.mineBlock.eplus.advanced_table":2,"stat.pickup.lycanitesmobs.bulwark_burger":11,"stat.pickup.usefulbackpacks.backpack":16,"stat.craftItem.usefulbackpacks.backpack":3,"stat.pickup.minecraft.sapling":6,"stat.useItem.thermalfoundation.tool.excavator_diamond":895,"zoataur.kill":1,"stat.pickup.quark.root":2,"stat.pickup.lycanitesmobs.lifedraincharge":7,"stat.craftItem.thermaldynamics.duct_0":30,"stat.pickup.lycanitesmobs.cleansingcrystal":1,"stat.killEntity.mutantbeasts.mutant_enderman":1,"stat.craftItem.mutantbeasts.mutant_skeleton_boots":1,"stat.sneakTime":17862,"stat.pickup.minecraft.yellow_flower":5,"stat.pickup.minecraft.chest":1,"stat.craftItem.minecraft.enchanting_table":1,"stat.pickup.minecraft.bone":65,"stat.useItem.minecraft.log2":44,"stat.swimOneCm":121074,"stat.pickup.quark.glass_shards":4,"stat.climbOneCm":874,"stat.craftItem.minecraft.gold_block":1,"stat.pickup.thermalexpansion.machine":3,"stat.mineBlock.quark.roots":1,"trite.kill":18,"stat.useItem.minecraft.dirt":718,"vapula.kill":9,"stat.pickup.inventorypets.nugget_lapis":3,"stat.drop.minecraft.brick":1,"stat.entityKilledBy.mutantbeasts.mutant_enderman":1,"stat.pickup.techguns.as50":1,"stat.craftItem.travellersboots.bootsmkii":1,"stat.pickup.minecraft.enchanting_table":1,"stat.craftItem.minecraft.stone_pickaxe":1,"stat.craftItem.travellersboots.bootsmkiv":1,"stat.pickup.minecraft.cobblestone":5252,"stat.pickup.minecraft.soul_sand":18,"stat.drop.minecraft.wheat_seeds":3,"stat.useItem.minecraft.cooked_beef":46,"stat.pickup.minecraft.redstone":454,"stat.mineBlock.minecraft.iron_ore":159,"stat.craftItem.minecraft.book":2,"stat.useItem.minecraft.sign":1,"stat.useItem.legendarium.weapon_radagast":1,"stat.pickup.minecraft.mutton":44,"stat.killEntity.techguns.SkeletonSoldier":8,"stat.craftItem.inventorypets.anvil_pet":1,"stat.mineBlock.thermalfoundation.ore":175,"stat.pickup.minecraft.stonebrick":792,"stat.pickup.lycanitesmobs.afritlung":1,"krake.kill":3,"stat.useItem.minecraft.cooked_porkchop":33,"stat.pickup.techguns.t1_combat_helmet":2,"stat.entityKilledBy.techguns.PsychoSteve":2,"stat.craftItem.minecraft.brick_block":4,"stat.craftItem.minecraft.stone_slab2":0,"stat.craftItem.minecraft.stick":192,"stat.craftItem.thermalexpansion.dynamo":1,"stat.pickup.minecraft.grass":3,"stat.pickup.techguns.t1_miner_leggings":2,"stat.mineBlock.minecraft.crafting_table":11,"stat.useItem.minecraft.diamond_pickaxe":75,"vorach.kill":2,"stat.useItem.minecraft.ender_eye":9,"stat.drop":29,"stat.pickup.lycanitesmobs.raw_pinky_meat":20,"stat.pickup.inventorypets.nugget_obsidian":10,"stat.killEntity.Sheep":21,"stat.pickup.minecraft.slime_ball":6,"stat.craftItem.minecraft.diamond_pickaxe":1,"stat.pickup.lycanitesmobs.raw_yale_meat":70,"stat.craftItem.lycanitesmobs.bulwark_burger":8,"stat.craftItem.minecraft.piston":1,"stat.useItem.thermalfoundation.wrench":13,"stat.drop.minecraft.wooden_pickaxe":1,"stat.pickup.minecraft.gravel":25,"stat.useItem.minecraft.diamond_axe":336,"archvile.kill":4,"stat.useItem.minecraft.stone_axe":278,"stat.craftItem.minecraft.bread":11,"stat.pickup.minecraft.spider_eye":11,"stat.pickup.minecraft.diamond_ore":6,"stat.pickup.minecraft.iron_ore":378,"stat.pickup.travellersboots.bootsmkiii":3,"stat.craftItem.minecraft.flint_and_steel":1,"stat.pickup.minecraft.leaves":16,"stat.pickup.quark.custom_chest":3,"stat.pickup.minecraft.leather":122,"stat.pickup.lycanitesmobs.raw_maka_meat":22,"stat.mineBlock.minecraft.furnace":6,"stat.useItem.minecraft.wooden_pickaxe":3,"stat.pickup.minecraft.prismarine_shard":28,"behemoth.kill":2,"stat.useItem.lycanitesmobs.cooked_arisaur_meat":9,"stat.pickup.minecraft.reeds":38,"stat.pickup.minecraft.prismarine_crystals":13,"stat.craftItem.minecraft.netherbrick":256,"stat.damageDealt":56925,"stat.craftItem.minecraft.glass":167,"stat.sleepInBed":10,"stat.killEntity.Cow":21,"stat.killEntity.Pig":14,"ignibus.kill":2,"stat.walkOneCm":1872053,"stat.pickup.minecraft.stick":155,"stat.craftItem.quark.custom_chest":5,"argus.kill":1,"stat.pickup.minecraft.clay_ball":181,"spriggan.kill":4,"stat.craftItem.elevatorid.elevator_white":3,"stat.mineBlock.thermaldynamics.duct_0":1,"stat.pickup.lycanitesmobs.quillcharge":1,"stat.pickup.quark.stone_speleothem":1,"stat.craftItem.minecraft.writable_book":1,"stat.pickup.quark.root_flower":2,"stat.pickup.minecraft.stone":7607,"stat.useItem.lycanitesmobs.avianspawn":3,"stat.pickup.lycanitesmobs.crystalshardcharge":43,"stat.pickup.techguns.t2_combat_leggings":1,"stat.pickup.lycanitesmobs.reaperclaw":2,"stat.pickup.minecraft.gold_ingot":53,"stat.drop.thermalfoundation.upgrade":2,"stat.killEntity.Skeleton":3,"stat.pickup.lycanitesmobs.cooked_arisaur_meat":18,"stat.killEntity.Spider":1,"stat.pickup.minecraft.bread":10,"stat.mineBlock.minecraft.quartz_ore":18,"stat.pickup.techguns.pistol":2,"stat.pickup.minecraft.quartz":453,"stat.pickup.lycanitesmobs.icefireballcharge":5,"belph.kill":22,"cinder.kill":3,"stat.mineBlock.minecraft.leaves":33,"stat.mineBlock.minecraft.redstone_ore":81,"uvaraptor.tame":1,"calpod.kill":2,"astaroth.kill":2,"stat.craftItem.minecraft.brick":17,"stat.mineBlock.minecraft.stone":10487}