{"stat.mineBlock.quark.roots_white_flower":1,"stat.leaveGame":8,"stat.entityKilledBy.techguns.ZombieMiner":1,"stat.pickup.gravestone.death_info":3,"stat.craftItem.minecraft.ender_eye":1,"stat.entityKilledBy.techguns.ZombieFarmer":1,"ventoraptor.kill":2,"stat.pickup.minecraft.glowstone_dust":11,"stat.useItem.elevatorid.elevator_white":1,"stat.pickup.minecraft.porkchop":44,"stat.pickup.minecraft.glass":45,"stat.mineBlock.gravestone.gravestone":7,"stat.pickup.minecraft.rotten_flesh":11,"stat.pickup.minecraft.sand":233,"stat.craftItem.minecraft.stone_axe":3,"stat.killEntity.Enderman":1,"stat.entityKilledBy.techguns.ZombieSoldier":4,"shade.kill":1,"stat.pickup.inventorypets.sheep_pet":2,"stat.mineBlock.minecraft.sand":202,"stat.pickup.quark.marble":158,"stat.killEntity.techguns.ZombieFarmer":16,"stat.pickup.quark.tallow":38,"stat.craftItem.minecraft.blaze_powder":2,"stat.craftItem.minecraft.wooden_pickaxe":1,"stat.pickup.dynamictrees.darkoakseed":15,"stat.craftItem.minecraft.bed":1,"stat.drop.gravestone.death_info":12,"stat.pickup.thermalfoundation.material":1,"stat.pickup.techguns.basicore":157,"banshee.kill":2,"stat.furnaceInteraction":93,"stat.craftItem.lycanitesmobs.lifedraincharge":4,"stat.craftItem.thermalfoundation.material":23,"stat.pickup.minecraft.beef":57,"stat.pickup.minecraft.furnace":13,"stat.craftItem.minecraft.ender_pearl":1,"stat.useItem.minecraft.redstone":1,"stat.pickup.lycanitesmobs.spectralboltcharge":7,"stat.useItem.thermaldynamics.duct_0":5,"stat.craftItem.travellersboots.bootsmki":1,"stat.pickup.minecraft.skull":3,"afrit.kill":2,"stat.pickup.lycanitesmobs.raw_aspid_meat":4,"stat.craftItem.ironchest.iron_chest":18,"stat.pickup.minecraft.pumpkin_seeds":3,"stat.pickup.minecraft.emerald":1,"stat.pickup.dynamictrees.oakseed":10,"stat.pickup.lycanitesmobs.raw_krake_meat":6,"stat.pickup.ironchest.iron_chest":8,"nymph.kill":2,"stat.deaths":14,"stat.pickup.lycanitesmobs.geistliver":13,"stat.pickup.minecraft.egg":1,"stat.playOneMinute":342242,"stat.pickup.minecraft.blaze_rod":3,"stat.pickup.techguns.handcannon":2,"stat.craftItem.eplus.advanced_table":1,"stat.pickup.techguns.t1_miner_helmet":2,"stat.craftItem.minecraft.diamond_block":1,"aspid.kill":1,"stat.pickup.eplus.advanced_table":1,"stat.drop.minecraft.torch":1,"stat.mineBlock.minecraft.tallgrass":71,"stat.chestOpened":17,"aglebemu.kill":1,"stat.pickup.lycanitesmobs.poisonraycharge":5,"stat.useItem.minecraft.stone":18,"stat.craftItem.lycanitesmobs.dragontreat":8,"stat.useItem.minecraft.sponge":7,"stat.pickup.minecraft.waterlily":1,"stat.pickup.techguns.t1_combat_leggings":1,"maka.kill":14,"stat.pickup.travellersboots.bootsmkiv":2,"stat.pickup.inventorypets.nugget_ender":11,"stat.pickup.minecraft.gold_nugget":6,"geist.kill":4,"stat.craftItem.minecraft.iron_nugget":324,"stat.useItem.legendarium.weapon_saruman":1,"wendigo.kill":1,"stat.useItem.lycanitesmobs.cooked_yale_meat":1,"stat.fallOneCm":207666,"stat.crouchOneCm":48698,"stat.mineBlock.minecraft.chest":1,"stat.craftItem.minecraft.iron_ingot":104,"stat.craftItem.minecraft.chest":4,"stat.pickup.minecraft.melon":46,"stat.craftingTableInteraction":75,"arix.kill":5,"stat.killEntity.techguns.Bandit":3,"sylph.kill":2,"stat.mineBlock.minecraft.log2":8,"stat.pickup.minecraft.feather":9,"stat.killEntity.techguns.ZombieMiner":17,"stat.useItem.minecraft.furnace":1,"stat.useItem.lycanitesmobs.aberrationspawn":11,"stat.pickup.minecraft.dye":71,"stat.killEntity.Llama":2,"stat.pickup.minecraft.wheat_seeds":138,"stat.craftItem.thermalfoundation.tool.excavator_diamond":1,"stat.pickup.lycanitesmobs.geonachspear":4,"stat.mineBlock.minecraft.gravel":30,"stat.useItem.minecraft.stone_pickaxe":42,"stat.mineBlock.minecraft.glass":1,"stat.pickup.minecraft.ice":8,"stat.mineBlock.minecraft.dirt":4346,"arisaur.kill":3,"eyewig.kill":1,"stat.useItem.minecraft.torch":153,"stat.pickup.lycanitesmobs.geonachfist":8,"stat.pickup.minecraft.iron_nugget":212,"stat.craftItem.minecraft.redstone_block":10,"stat.useItem.ironchest.iron_chest":1,"stat.pickup.minecraft.crafting_table":14,"stat.mineBlock.techguns.basicore":78,"stat.useItem.minecraft.cobblestone":168,"stat.pickup.lycanitesmobs.ventoraptorskull":1,"stat.craftItem.minecraft.crafting_table":1,"stat.useItem.minecraft.gravel":3,"stat.mineBlock.minecraft.double_plant":1,"stat.craftItem.travellersboots.bootsmkiii":1,"stat.mineBlock.quark.stone_speleothem":3,"stat.pickup.minecraft.log":48,"stat.pickup.thermalfoundation.tool.hammer_diamond":9,"stat.mineBlock.eplus.advanced_table":1,"stat.pickup.usefulbackpacks.backpack":13,"stat.craftItem.usefulbackpacks.backpack":3,"stat.craftItem.minecraft.gold_ingot":80,"stat.pickup.minecraft.sapling":6,"stat.pickup.minecraft.apple":16,"stat.useItem.thermalfoundation.tool.excavator_diamond":795,"zoataur.kill":1,"stat.pickup.inventorypets.nugget_emerald":5,"stat.craftItem.minecraft.planks":52,"stat.pickup.quark.root":2,"stat.pickup.lycanitesmobs.lifedraincharge":7,"stat.useItem.minecraft.stonebrick":472,"stat.mineBlock.minecraft.log":37,"stat.craftItem.thermaldynamics.duct_0":6,"stat.pickup.lycanitesmobs.cleansingcrystal":1,"stat.craftItem.minecraft.paper":6,"stat.pickup.minecraft.red_flower":3,"stat.craftItem.thermalexpansion.frame":2,"stat.sneakTime":8373,"stat.pickup.minecraft.wool":68,"stat.pickup.thermalfoundation.tool.excavator_diamond":8,"stat.pickup.minecraft.yellow_flower":3,"stat.pickup.minecraft.chest":1,"stat.craftItem.minecraft.enchanting_table":1,"stat.pickup.minecraft.bone":29,"stat.pickup.lycanitesmobs.sprigganheart":3,"stat.mineBlock.minecraft.cobblestone":36,"stat.useItem.minecraft.log2":44,"stat.pickup.minecraft.stone_pickaxe":15,"stat.pickup.minecraft.flint":7,"stat.craftItem.thermalexpansion.cell":1,"stat.craftItem.minecraft.wool":3,"stat.swimOneCm":96034,"stat.pickup.quark.glass_shards":4,"stat.climbOneCm":874,"stat.pickup.minecraft.cooked_porkchop":30,"stat.craftItem.minecraft.gold_block":1,"stat.killEntity.techguns.ZombieSoldier":12,"stat.mineBlock.quark.roots":1,"stat.pickup.minecraft.writable_book":1,"stat.useItem.minecraft.dirt":679,"stat.useItem.minecraft.stone_slab2":50,"stat.killEntity.Piranha":13,"vapula.kill":4,"stat.pickup.inventorypets.nugget_lapis":3,"stat.craftItem.minecraft.furnace":3,"stat.pickup.thermalfoundation.ore":253,"stat.entityKilledBy.mutantbeasts.mutant_enderman":1,"stat.craftItem.travellersboots.bootsmkii":1,"stat.pickup.minecraft.enchanting_table":1,"stat.craftItem.minecraft.iron_boots":1,"stat.pickup.minecraft.coal_ore":3,"stat.craftItem.minecraft.stone_pickaxe":1,"stat.craftItem.travellersboots.bootsmkiv":1,"stat.craftItem.minecraft.cooked_beef":46,"stat.mineBlock.minecraft.obsidian":9,"stat.pickup.minecraft.cobblestone":5074,"stat.mineBlock.minecraft.clay":6,"stat.flyOneCm":1922099,"stat.pickup.minecraft.soul_sand":14,"stat.pickup.inventorypets.spider_pet":2,"stat.pickup.minecraft.fish":6,"stat.drop.minecraft.wheat_seeds":3,"stat.useItem.minecraft.cooked_beef":46,"stat.pickup.minecraft.redstone":390,"stat.craftItem.minecraft.emerald_block":1,"stat.mineBlock.minecraft.iron_ore":127,"stat.craftItem.minecraft.book":2,"yale.kill":21,"stat.timeSinceDeath":45601,"stat.useItem.legendarium.weapon_radagast":1,"stat.pickup.minecraft.mutton":44,"stat.killEntity.techguns.SkeletonSoldier":8,"stat.craftItem.inventorypets.anvil_pet":1,"stat.craftItem.minecraft.stonebrick":1088,"stat.mineBlock.thermalfoundation.ore":131,"stat.pickup.minecraft.stonebrick":792,"stat.pickup.lycanitesmobs.afritlung":1,"krake.kill":3,"stat.useItem.minecraft.cooked_porkchop":18,"stat.mineBlock.minecraft.coal_ore":160,"stat.killEntity.Creeper":1,"stat.pickup.techguns.t1_combat_helmet":2,"stat.pickup.minecraft.string":5,"stat.entityKilledBy.techguns.PsychoSteve":2,"stat.pickup.lycanitesmobs.scorchfireballcharge":4,"grue.kill":1,"stat.craftItem.minecraft.brick_block":2,"stat.pickup.techguns.t1_scout_helmet":1,"stat.craftItem.minecraft.stone_slab2":0,"stat.pickup.lycanitesmobs.raw_arisaur_meat":22,"stat.pickup.inventorypets.anvil_pet":4,"stat.killEntity.Squid":2,"stat.craftItem.thermalfoundation.tool.hammer_diamond":2,"stat.sprintOneCm":764400,"stat.craftItem.minecraft.stick":64,"stat.useItem.carryon.tile_item":6,"stat.mineBlock.minecraft.diamond_ore":16,"stat.pickup.minecraft.grass":3,"stat.mineBlock.minecraft.crafting_table":10,"stat.useItem.minecraft.diamond_pickaxe":20,"stat.useItem.minecraft.ender_eye":9,"stat.mineBlock.quark.marble":154,"stat.pickup.minecraft.vine":4,"stat.drop":20,"stat.pickup.lycanitesmobs.immunizer":3,"stat.pickup.inventorypets.nugget_obsidian":10,"stat.killEntity.Sheep":21,"stat.pickup.minecraft.slime_ball":6,"stat.pickup.techguns.t1_scout_boots":1,"stat.craftItem.minecraft.diamond_pickaxe":1,"stat.pickup.lycanitesmobs.raw_yale_meat":70,"stat.killEntity.Zombie":5,"stat.pickup.minecraft.snowball":5,"stat.craftItem.minecraft.diamond_axe":1,"stat.mineBlock.minecraft.gold_ore":29,"stat.diveOneCm":78104,"stat.pickup.minecraft.wheat":52,"stat.drop.minecraft.wooden_pickaxe":1,"stat.pickup.minecraft.gravel":25,"stat.craftItem.minecraft.cooked_porkchop":32,"stat.craftItem.thermalexpansion.cache":1,"stat.useItem.minecraft.diamond_axe":175,"stat.pickup.minecraft.stone_axe":10,"stat.pickup.techguns.t1_combat_chestplate":1,"stat.pickup.minecraft.obsidian":28,"stat.craftItem.thermalexpansion.machine":1,"stat.jump":3702,"stat.pickup.minecraft.coal":509,"stat.pickup.minecraft.iron_ingot":52,"stat.useItem.minecraft.stone_axe":278,"stat.pickup.minecraft.gunpowder":34,"stat.craftItem.minecraft.torch":132,"stat.pickup.minecraft.dirt":4913,"stat.pickup.minecraft.iron_ore":293,"stat.pickup.lycanitesmobs.cooked_yale_meat":6,"stat.pickup.travellersboots.bootsmkiii":3,"stat.useItem.minecraft.glass":61,"stat.pickup.lycanitesmobs.poisongland":4,"reaper.kill":3,"stat.pickup.minecraft.gold_ore":72,"stat.mineBlock.minecraft.lapis_ore":5,"stat.pickup.minecraft.leaves":16,"stat.pickup.quark.custom_chest":3,"stat.pickup.minecraft.leather":122,"stat.damageTaken":9873,"stat.pickup.lycanitesmobs.raw_maka_meat":22,"stat.mineBlock.minecraft.furnace":6,"stat.mineBlock.minecraft.torch":11,"stat.useItem.minecraft.wooden_pickaxe":3,"stat.pickup.minecraft.prismarine_shard":16,"stat.pickup.minecraft.ender_eye":4,"stat.pickup.minecraft.log2":391,"stat.pickup.minecraft.reeds":38,"stat.pickup.minecraft.prismarine_crystals":10,"stat.pickup.lycanitesmobs.faeboltcharge":3,"volcan.kill":1,"stat.damageDealt":41570,"stat.craftItem.minecraft.glass":167,"stat.sleepInBed":7,"stat.killEntity.Cow":21,"stat.killEntity.Pig":14,"geonach.kill":42,"stat.pickup.techguns.itemshared":50,"stat.walkOneCm":1060388,"stat.useItem.thermalfoundation.tool.hammer_diamond":1072,"lurker.kill":1,"stat.pickup.minecraft.stick":147,"stat.craftItem.quark.custom_chest":5,"stat.pickup.minecraft.clay_ball":19,"spriggan.kill":4,"stat.craftItem.elevatorid.elevator_white":3,"stat.pickup.lycanitesmobs.aetherwavecharge":3,"stat.pickup.lycanitesmobs.quillcharge":1,"stat.pickup.quark.stone_speleothem":1,"stat.craftItem.minecraft.writable_book":1,"stat.pickup.quark.root_flower":2,"stat.pickup.minecraft.stone":2406,"stat.pickup.minecraft.ender_pearl":6,"stat.drop.minecraft.egg":1,"stat.pickup.lycanitesmobs.crystalshardcharge":22,"stat.pickup.minecraft.cooked_beef":225,"stat.pickup.lycanitesmobs.reaperclaw":2,"stat.pickup.minecraft.gold_ingot":47,"stat.killEntity.Skeleton":3,"stat.craftItem.techguns.itemshared":28,"stat.mineBlock.minecraft.stonebrick":54,"stat.killEntity.Spider":1,"stat.pickup.minecraft.bread":3,"stat.mobKills":264,"stat.pickup.minecraft.quartz":263,"stat.pickup.lycanitesmobs.icefireballcharge":5,"stat.pickup.minecraft.diamond":102,"stat.mineBlock.minecraft.leaves":33,"stat.pickup.minecraft.torch":277,"stat.useItem.legendarium.weapon_alatar":1,"stat.mineBlock.minecraft.redstone_ore":64,"stat.craftItem.lycanitesmobs.cooked_yale_meat":7,"calpod.kill":2,"stat.drop.minecraft.stone_axe":2,"stat.craftItem.minecraft.brick":8,"stat.mineBlock.minecraft.stone":5603}