{"stat.leaveGame":7,"stat.entityKilledBy.techguns.ZombieMiner":4,"stat.pickup.minecraft.lapis_block":1,"stat.pickup.gravestone.death_info":8,"stat.mineBlock.minecraft.web":63,"stat.pickup.minecraft.golden_boots":1,"stat.pickup.minecraft.glowstone_dust":1,"stat.mineBlock.gravestone.gravestone":8,"stat.useItem.thermalfoundation.upgrade":2,"stat.useItem.minecraft.water_bucket":3,"stat.pickup.minecraft.rotten_flesh":26,"stat.pickup.minecraft.splash_potion":2,"stat.pickup.minecraft.brick_block":16,"stat.pickup.techguns.item_bunkerdoor":2,"stat.craftItem.minecraft.stone_axe":1,"stat.killEntity.Enderman":1,"stat.killEntity.Mimic":1,"stat.drop.minecraft.elytra":1,"stat.mineBlock.techguns.concrete":4,"stat.pickup.dynamictrees.spruceseed":1,"stat.useItem.minecraft.ender_pearl":1,"stat.craftItem.minecraft.iron_shovel":1,"stat.killEntity.techguns.ZombieFarmer":9,"stat.craftItem.thermalfoundation.tool.hammer_copper":1,"stat.useItem.minecraft.iron_pickaxe":294,"stat.pickup.minecraft.stained_hardened_clay":3,"stat.useItem.minecraft.spawn_egg":1,"stat.craftItem.minecraft.wooden_pickaxe":1,"stat.pickup.thermalexpansion.satchel":1,"stat.useItem.minecraft.iron_shovel":184,"stat.pickup.dynamictrees.darkoakseed":12,"stat.drop.gravestone.death_info":23,"stat.craftItem.thermalfoundation.tool.excavator_iron":1,"stat.mineBlock.minecraft.vine":2,"stat.pickup.techguns.basicore":68,"stat.furnaceInteraction":73,"stat.killEntity.ZombieVillager":2,"stat.pickup.techguns.lamp0":11,"stat.craftItem.thermalfoundation.material":4,"stat.drop.minecraft.stone_slab":2,"stat.mineBlock.techguns.metalpanel":1,"stat.mineBlock.minecraft.lapis_block":1,"stat.pickup.minecraft.beef":14,"stat.pickup.minecraft.furnace":3,"stat.useItem.thermalfoundation.tool.hammer_iron":128,"stat.pickup.techguns.t1_scout_chestplate":1,"stat.mineBlock.minecraft.redstone_lamp":4,"stat.mineBlock.minecraft.stained_hardened_clay":4,"stat.drop.minecraft.furnace":1,"stat.pickup.minecraft.potion":9,"stat.useItem.minecraft.flint_and_steel":1,"stat.pickup.minecraft.fermented_spider_eye":1,"stat.pickup.dynamictrees.oakseed":15,"stat.craftItem.techguns.rocketlauncher":1,"stat.craftItem.minecraft.dark_oak_boat":1,"stat.deaths":21,"stat.pickup.minecraft.egg":2,"stat.playOneMinute":332420,"stat.pickup.techguns.handcannon":2,"stat.mineBlock.minecraft.stone_pressure_plate":1,"stat.pickup.techguns.t1_miner_helmet":1,"stat.craftItem.minecraft.iron_pickaxe":2,"stat.pickup.minecraft.iron_bars":17,"stat.mineBlock.minecraft.tallgrass":25,"stat.craftItem.minecraft.cooked_mutton":1,"stat.pickup.minecraft.cooked_mutton":3,"stat.pickup.techguns.combatknife":3,"stat.chestOpened":29,"stat.useItem.minecraft.stone":164,"stat.pickup.minecraft.arrow":4,"stat.pickup.minecraft.iron_sword":2,"stat.pickup.inventorypets.brewing_stand_pet":2,"stat.pickup.inventorypets.nugget_ender":2,"stat.pickup.minecraft.gold_nugget":5,"stat.killEntity.Anthermite":2,"stat.craftItem.minecraft.coal":52,"stat.useItem.minecraft.experience_bottle":80,"stat.fallOneCm":98656,"stat.pickup.minecraft.melon_seeds":2,"stat.crouchOneCm":23516,"stat.pickup.minecraft.rail":50,"stat.entityKilledBy.techguns.Bandit":1,"stat.craftItem.minecraft.iron_ingot":17,"stat.craftingTableInteraction":46,"stat.pickup.minecraft.repeater":1,"stat.pickup.thermalfoundation.tool.excavator_iron":2,"stat.killEntity.techguns.Bandit":2,"stat.pickup.minecraft.feather":1,"stat.craftItem.minecraft.wooden_button":1,"stat.killEntity.techguns.ZombieMiner":13,"stat.mineBlock.techguns.bunkerdoor":2,"stat.useItem.minecraft.furnace":4,"stat.pickup.minecraft.planks":7,"stat.killEntity.Llama":6,"stat.pickup.minecraft.wheat_seeds":13,"stat.pickup.techguns.t1_miner_chestplate":4,"stat.useItem.minecraft.stone_pickaxe":153,"stat.mineBlock.minecraft.dirt":246,"stat.pickup.minecraft.chainmail_boots":2,"stat.useItem.minecraft.iron_bars":1,"stat.useItem.minecraft.torch":236,"stat.pickup.minecraft.brewing_stand":1,"stat.useItem.minecraft.bread":4,"stat.pickup.minecraft.golden_apple":2,"stat.pickup.minecraft.iron_nugget":2,"stat.pickup.minecraft.crafting_table":12,"stat.useItem.minecraft.cobblestone":257,"stat.mineBlock.techguns.basicore":49,"stat.craftItem.minecraft.crafting_table":3,"stat.pickup.minecraft.redstone_block":67,"stat.pickup.minecraft.log":12,"stat.pickup.minecraft.bedrock":12,"stat.pickup.minecraft.iron_pickaxe":7,"stat.pickup.usefulbackpacks.backpack":15,"stat.craftItem.usefulbackpacks.backpack":7,"stat.useItem.techguns.combatknife":88,"stat.pickup.minecraft.apple":2,"stat.pickup.minecraft.coal_block":269,"stat.craftItem.minecraft.planks":64,"stat.useItem.minecraft.iron_sword":32,"stat.useItem.mutantbeasts.hulk_hammer":8,"stat.pickup.minecraft.iron_door":4,"stat.killEntity.mutantbeasts.mutant_enderman":1,"stat.sneakTime":6462,"stat.pickup.minecraft.wool":38,"stat.entityKilledBy.Blaze":1,"stat.pickup.minecraft.cooked_fish":1,"stat.pickup.minecraft.stone_slab":9,"stat.cakeSlicesEaten":5,"stat.drop.minecraft.stone_pickaxe":1,"stat.pickup.minecraft.bone":8,"stat.useItem.minecraft.iron_axe":30,"stat.mineBlock.minecraft.cobblestone":13,"stat.pickup.minecraft.stone_pickaxe":9,"stat.pickup.minecraft.leather_chestplate":2,"stat.craftItem.minecraft.wool":14,"stat.useItem.minecraft.diamond_sword":155,"stat.drop.minecraft.iron_nugget":64,"stat.swimOneCm":48948,"stat.climbOneCm":6666,"stat.pickup.minecraft.enchanted_book":2,"stat.drop.minecraft.cobblestone":3,"stat.killEntity.techguns.ZombieSoldier":3,"stat.useItem.waystones.waystone":3,"stat.useItem.minecraft.dirt":15,"stat.useItem.minecraft.stone_slab2":71,"stat.killEntity.Piranha":4,"stat.pickup.inventorypets.nugget_lapis":6,"stat.pickup.minecraft.stone_hoe":1,"stat.craftItem.minecraft.furnace":5,"stat.pickup.thermalfoundation.ore":241,"stat.pickup.minecraft.golden_axe":2,"stat.useItem.minecraft.egg":2,"stat.craftItem.minecraft.stone_pickaxe":2,"stat.craftItem.minecraft.cooked_beef":64,"stat.pickup.minecraft.cobblestone":1482,"stat.mineBlock.minecraft.carpet":2,"stat.mineBlock.minecraft.redstone_block":2,"stat.mineBlock.minecraft.clay":69,"stat.flyOneCm":579789,"stat.pickup.minecraft.glass_bottle":4,"stat.pickup.minecraft.fish":36,"stat.useItem.minecraft.cooked_beef":24,"stat.pickup.minecraft.golden_pickaxe":3,"stat.pickup.minecraft.redstone":19,"stat.mineBlock.minecraft.iron_ore":78,"stat.timeSinceDeath":6351,"stat.pickup.minecraft.mutton":40,"stat.killEntity.Bat":1,"stat.killEntity.techguns.SkeletonSoldier":3,"stat.pickup.minecraft.chainmail_helmet":5,"stat.pickup.minecraft.nether_wart":16,"stat.mineBlock.thermalfoundation.ore":84,"stat.pickup.minecraft.stonebrick":35,"stat.pickup.minecraft.redstone_lamp":8,"stat.drop.minecraft.dirt":1,"stat.pickup.minecraft.iron_shovel":3,"stat.pickup.minecraft.carpet":6,"stat.mineBlock.minecraft.coal_ore":359,"stat.drop.waystones.waystone":3,"stat.pickup.minecraft.shield":2,"stat.talkedToVillager":1,"stat.pickup.minecraft.string":87,"stat.entityKilledBy.techguns.PsychoSteve":1,"stat.craftItem.minecraft.brick_block":16,"stat.entityKilledBy.Skeleton":2,"stat.craftItem.minecraft.stone_slab2":0,"stat.pickup.thermalfoundation.tool.hammer_iron":3,"stat.pickup.inventorypets.anvil_pet":1,"stat.useItem.minecraft.written_book":1,"stat.sprintOneCm":439815,"stat.pickup.minecraft.paper":16,"stat.mineBlock.minecraft.stone_slab":4,"stat.craftItem.minecraft.stick":80,"stat.drop.minecraft.stone_hoe":1,"stat.craftItem.minecraft.stone":320,"stat.pickup.techguns.t1_miner_leggings":9,"stat.mineBlock.minecraft.crafting_table":7,"stat.waystones:waystonesActivated":1,"stat.drop.minecraft.golden_apple":2,"stat.pickup.minecraft.leather_leggings":1,"stat.pickup.minecraft.sugar":1,"stat.pickup.minecraft.spawn_egg":6,"stat.drop":171,"stat.killEntity.Sheep":8,"stat.pickup.inventorypets.nugget_obsidian":13,"stat.pickup.minecraft.slime_ball":1,"stat.craftItem.techguns.t1_scout_boots":1,"stat.pickup.techguns.t1_scout_boots":11,"stat.killEntity.Zombie":13,"stat.diveOneCm":68666,"stat.pickup.minecraft.wheat":27,"stat.pickup.techguns.t1_scout_leggings":1,"stat.drop.minecraft.wooden_pickaxe":1,"stat.pickup.minecraft.gravel":3,"stat.drop.minecraft.cooked_beef":66,"stat.pickup.minecraft.stone_axe":3,"stat.useItem.minecraft.apple":1,"stat.pickup.techguns.t1_combat_chestplate":4,"stat.pickup.minecraft.diamond_sword":6,"stat.pickup.minecraft.brick":1,"stat.jump":2740,"stat.pickup.minecraft.coal":759,"stat.pickup.minecraft.iron_helmet":1,"stat.pickup.minecraft.iron_ingot":43,"stat.useItem.minecraft.dark_oak_boat":1,"stat.useItem.minecraft.stone_axe":23,"stat.drop.minecraft.diamond_sword":2,"stat.pickup.minecraft.gunpowder":80,"stat.entityKilledBy.CaveSpider":1,"stat.pickup.minecraft.spider_eye":6,"stat.craftItem.minecraft.torch":152,"stat.pickup.minecraft.dirt":483,"stat.pickup.minecraft.iron_ore":119,"stat.boatOneCm":381577,"stat.mineBlock.minecraft.iron_bars":7,"stat.entityKilledBy.techguns.SkeletonSoldier":3,"stat.pickup.minecraft.iron_axe":11,"stat.damageTaken":7665,"stat.pickup.minecraft.leather":76,"stat.mineBlock.minecraft.furnace":3,"stat.useItem.minecraft.wooden_pickaxe":3,"stat.pickup.minecraft.ender_eye":3,"stat.pickup.minecraft.log2":68,"stat.pickup.minecraft.reeds":16,"stat.pickup.techguns.concrete":4,"stat.killEntity.CaveSpider":1,"stat.pickup.minecraft.bed":4,"stat.pickup.techguns.metalpanel":3,"stat.entityKilledBy.Zombie":4,"stat.mineBlock.techguns.lamp0":11,"stat.damageDealt":12988,"stat.sleepInBed":5,"stat.killEntity.Cow":7,"stat.pickup.techguns.itemshared":201,"stat.walkOneCm":647291,"stat.playerKills":1,"stat.pickup.dynamictrees.birchseed":1,"stat.pickup.minecraft.stick":288,"stat.pickup.techguns.t1_miner_boots":1,"stat.pickup.minecraft.clay_ball":552,"stat.craftItem.techguns.t1_scout_chestplate":1,"stat.pickup.techguns.thompson":2,"stat.useItem.thermalfoundation.tool.hammer_copper":43,"stat.pickup.thermalfoundation.tool.hammer_copper":11,"stat.pickup.minecraft.stone":402,"stat.pickup.minecraft.ender_pearl":6,"stat.pickup.minecraft.cooked_beef":400,"stat.killEntity.Skeleton":3,"stat.craftItem.techguns.itemshared":9,"stat.mineBlock.minecraft.stonebrick":3,"stat.killEntity.Spider":4,"stat.pickup.minecraft.bread":15,"stat.mobKills":93,"stat.entityKilledBy.Husk":1,"stat.pickup.minecraft.diamond":1,"stat.mineBlock.minecraft.leaves":15,"stat.pickup.minecraft.torch":291,"stat.craftItem.minecraft.coal_block":18,"stat.craftItem.minecraft.brick":220,"stat.craftItem.thermalfoundation.tool.hammer_iron":2,"stat.mineBlock.minecraft.stone":1093,"stat.useItem.thermalfoundation.tool.excavator_iron":22}