{"stats":{"minecraft:killed":{"mutantmore:mutant_hoglin":9,"minecraft:zombie":2,"mutantmonsters:mutantdrowned":1,"minecraft:spider":1,"minecraft:drowned":2,"alexsmobs:frilled_shark":1,"mutantmonsters:mutantirongolem":1,"mutantmonsters:mutantdrownedtrident":1},"minecraft:crafted":{"minecraft:crafting_table":2,"minecraft:stick":4,"minecraft:wooden_pickaxe":1,"minecraft:stone_pickaxe":1,"minecraft:torch":8,"minecraft:stone_axe":1,"minecraft:jungle_planks":36},"minecraft:used":{"ironchest:dirt_chest":1,"mutantmonsters:mutantirongolem_spawn_egg":1,"minecraft:melon_slice":3,"minecraft:stone_pickaxe":68,"mutantmonsters:mutantdrowned_spawn_egg":1,"mutantmore:mutant_hoglin_spawn_egg":9,"minecraft:wooden_pickaxe":4,"mutantmonsters:mutantdrownedtrident_spawn_egg":1,"alexsmobs:spawn_egg_frilled_shark":1,"minecraft:stone_axe":13,"minecraft:torch":6,"minecraft:anvil":1,"ironchest:diamond_chest":1,"minecraft:crafting_table":2,"ironchest:obsidian_chest":1,"corail_recycler:recycler":1,"ironchest:crystal_chest":3,"enchantinginfuser:advanced_enchanting_infuser":1},"minecraft:dropped":{"alexsmobs:animal_dictionary":1,"sophisticatedbackpacks:netherite_backpack":1},"minecraft:picked_up":{"corail_recycler:recycler":1,"minecraft:stick":6,"minecraft:crafting_table":1,"minecraft:jungle_log":9,"minecraft:porkchop":170,"simplefarming:rye_seeds":1,"minecraft:trident":1,"minecraft:dirt":6,"minecraft:string":1,"mutantmore:mutant_hoglin_tusk":9,"simplefarming:lettuce_seeds":1,"dynamictrees:jungle_seed":1,"minecraft:iron_block":1,"minecraft:iron_ore":32,"corail_recycler:netherite_disk":1,"minecraft:melon_slice":38,"sophisticatedbackpacks:netherite_backpack":1,"minecraft:coal":30,"minecraft:cobblestone":18},"minecraft:custom":{"minecraft:time_since_rest":49994,"minecraft:sprint_one_cm":22153,"minecraft:damage_taken":130,"minecraft:walk_one_cm":51147,"minecraft:interact_with_anvil":1,"minecraft:mob_kills":18,"minecraft:drop":2,"minecraft:damage_dealt":1187,"minecraft:open_barrel":1,"minecraft:interact_with_crafting_table":3,"minecraft:fly_one_cm":29080,"minecraft:open_chest":6,"minecraft:play_one_minute":49994,"minecraft:crouch_one_cm":24,"minecraft:sneak_time":44,"minecraft:walk_under_water_one_cm":2867,"minecraft:jump":138,"minecraft:leave_game":1,"minecraft:walk_on_water_one_cm":12415,"minecraft:time_since_death":49994,"minecraft:climb_one_cm":1072,"minecraft:fall_one_cm":418},"minecraft:mined":{"minecraft:iron_ore":32,"minecraft:jungle_leaves":6,"minecraft:crafting_table":1,"minecraft:grass":4,"minecraft:coal_ore":30,"minecraft:melon":7,"minecraft:stone":10,"minecraft:oak_leaves":1}},"DataVersion":2586}