{"stat.leaveGame":4,"stat.entityKilledBy.techguns.ZombieMiner":1,"stat.pickup.gravestone.death_info":3,"stat.craftItem.minecraft.ender_eye":1,"stat.entityKilledBy.techguns.ZombieFarmer":1,"ventoraptor.kill":2,"stat.pickup.minecraft.glowstone_dust":7,"stat.pickup.minecraft.porkchop":44,"stat.pickup.minecraft.glass":20,"stat.mineBlock.gravestone.gravestone":6,"stat.pickup.minecraft.rotten_flesh":4,"stat.pickup.minecraft.sand":50,"stat.craftItem.minecraft.stone_axe":3,"stat.killEntity.Enderman":1,"stat.entityKilledBy.techguns.ZombieSoldier":4,"stat.pickup.inventorypets.sheep_pet":1,"stat.mineBlock.minecraft.sand":50,"stat.pickup.quark.marble":156,"stat.killEntity.techguns.ZombieFarmer":8,"stat.pickup.quark.tallow":38,"stat.craftItem.minecraft.blaze_powder":2,"stat.craftItem.minecraft.wooden_pickaxe":1,"stat.pickup.dynamictrees.darkoakseed":15,"stat.craftItem.minecraft.bed":1,"stat.drop.gravestone.death_info":12,"stat.pickup.thermalfoundation.material":1,"stat.pickup.techguns.basicore":152,"stat.furnaceInteraction":61,"stat.craftItem.lycanitesmobs.lifedraincharge":4,"stat.pickup.minecraft.beef":57,"stat.pickup.minecraft.furnace":12,"stat.pickup.lycanitesmobs.spectralboltcharge":7,"stat.craftItem.travellersboots.bootsmki":1,"afrit.kill":2,"stat.pickup.lycanitesmobs.raw_aspid_meat":4,"stat.craftItem.ironchest.iron_chest":12,"stat.pickup.minecraft.pumpkin_seeds":2,"stat.pickup.dynamictrees.oakseed":9,"stat.pickup.lycanitesmobs.raw_krake_meat":6,"stat.pickup.ironchest.iron_chest":8,"stat.deaths":13,"stat.pickup.minecraft.egg":1,"stat.playOneMinute":230111,"stat.pickup.minecraft.blaze_rod":3,"stat.craftItem.eplus.advanced_table":1,"stat.pickup.techguns.t1_miner_helmet":2,"stat.craftItem.minecraft.diamond_block":1,"aspid.kill":1,"stat.pickup.eplus.advanced_table":1,"stat.drop.minecraft.torch":1,"stat.mineBlock.minecraft.tallgrass":64,"stat.chestOpened":12,"aglebemu.kill":1,"stat.useItem.minecraft.stone":18,"stat.useItem.minecraft.sponge":7,"maka.kill":14,"stat.pickup.travellersboots.bootsmkiv":2,"stat.pickup.inventorypets.nugget_ender":7,"geist.kill":1,"stat.craftItem.minecraft.iron_nugget":324,"stat.useItem.legendarium.weapon_saruman":1,"wendigo.kill":1,"stat.useItem.lycanitesmobs.cooked_yale_meat":1,"stat.fallOneCm":115156,"stat.crouchOneCm":6598,"stat.craftItem.minecraft.iron_ingot":78,"stat.craftItem.minecraft.chest":4,"stat.craftingTableInteraction":47,"arix.kill":5,"stat.killEntity.techguns.Bandit":2,"sylph.kill":1,"stat.pickup.minecraft.feather":9,"stat.killEntity.techguns.ZombieMiner":9,"stat.useItem.minecraft.furnace":1,"stat.useItem.lycanitesmobs.aberrationspawn":11,"stat.pickup.minecraft.dye":48,"stat.killEntity.Llama":2,"stat.pickup.minecraft.wheat_seeds":124,"stat.craftItem.thermalfoundation.tool.excavator_diamond":1,"stat.pickup.lycanitesmobs.geonachspear":4,"stat.mineBlock.minecraft.gravel":25,"stat.useItem.minecraft.stone_pickaxe":42,"stat.pickup.minecraft.ice":8,"stat.mineBlock.minecraft.dirt":3191,"arisaur.kill":3,"stat.useItem.minecraft.torch":144,"stat.pickup.lycanitesmobs.geonachfist":8,"stat.pickup.minecraft.iron_nugget":101,"stat.useItem.ironchest.iron_chest":1,"stat.pickup.minecraft.crafting_table":13,"stat.mineBlock.techguns.basicore":73,"stat.useItem.minecraft.cobblestone":168,"stat.pickup.lycanitesmobs.ventoraptorskull":1,"stat.craftItem.minecraft.crafting_table":1,"stat.useItem.minecraft.gravel":3,"stat.mineBlock.minecraft.double_plant":1,"stat.craftItem.travellersboots.bootsmkiii":1,"stat.mineBlock.quark.stone_speleothem":3,"stat.pickup.minecraft.log":44,"stat.pickup.thermalfoundation.tool.hammer_diamond":9,"stat.mineBlock.eplus.advanced_table":1,"stat.pickup.usefulbackpacks.backpack":12,"stat.craftItem.usefulbackpacks.backpack":3,"stat.craftItem.minecraft.gold_ingot":53,"stat.pickup.minecraft.sapling":4,"stat.pickup.minecraft.apple":12,"stat.useItem.thermalfoundation.tool.excavator_diamond":563,"stat.pickup.inventorypets.nugget_emerald":5,"stat.craftItem.minecraft.planks":44,"stat.pickup.quark.root":1,"stat.pickup.lycanitesmobs.lifedraincharge":7,"stat.mineBlock.minecraft.log":31,"stat.pickup.lycanitesmobs.cleansingcrystal":1,"stat.craftItem.minecraft.paper":6,"stat.sneakTime":1923,"stat.pickup.minecraft.wool":44,"stat.pickup.thermalfoundation.tool.excavator_diamond":8,"stat.pickup.minecraft.yellow_flower":1,"stat.craftItem.minecraft.enchanting_table":1,"stat.pickup.minecraft.bone":19,"stat.pickup.lycanitesmobs.sprigganheart":3,"stat.mineBlock.minecraft.cobblestone":36,"stat.pickup.minecraft.stone_pickaxe":15,"stat.pickup.minecraft.flint":2,"stat.craftItem.minecraft.wool":3,"stat.swimOneCm":83079,"stat.climbOneCm":722,"stat.pickup.minecraft.cooked_porkchop":10,"stat.craftItem.minecraft.gold_block":1,"stat.killEntity.techguns.ZombieSoldier":5,"stat.pickup.minecraft.writable_book":1,"stat.useItem.minecraft.dirt":648,"stat.useItem.minecraft.stone_slab2":33,"stat.killEntity.Piranha":12,"vapula.kill":3,"stat.craftItem.minecraft.furnace":2,"stat.pickup.thermalfoundation.ore":251,"stat.entityKilledBy.mutantbeasts.mutant_enderman":1,"stat.craftItem.travellersboots.bootsmkii":1,"stat.pickup.minecraft.enchanting_table":1,"stat.craftItem.minecraft.iron_boots":1,"stat.pickup.minecraft.coal_ore":3,"stat.craftItem.minecraft.stone_pickaxe":1,"stat.craftItem.travellersboots.bootsmkiv":1,"stat.craftItem.minecraft.cooked_beef":46,"stat.mineBlock.minecraft.obsidian":9,"stat.pickup.minecraft.cobblestone":5031,"stat.flyOneCm":1200193,"stat.pickup.inventorypets.spider_pet":2,"stat.pickup.minecraft.fish":6,"stat.drop.minecraft.wheat_seeds":3,"stat.useItem.minecraft.cooked_beef":37,"stat.pickup.minecraft.redstone":385,"stat.craftItem.minecraft.emerald_block":1,"stat.mineBlock.minecraft.iron_ore":123,"stat.craftItem.minecraft.book":2,"yale.kill":19,"stat.timeSinceDeath":25558,"stat.useItem.legendarium.weapon_radagast":1,"stat.pickup.minecraft.mutton":18,"stat.killEntity.techguns.SkeletonSoldier":3,"stat.craftItem.inventorypets.anvil_pet":1,"stat.mineBlock.thermalfoundation.ore":129,"stat.pickup.minecraft.stonebrick":16,"stat.pickup.lycanitesmobs.afritlung":1,"krake.kill":3,"stat.useItem.minecraft.cooked_porkchop":12,"stat.mineBlock.minecraft.coal_ore":160,"stat.pickup.techguns.t1_combat_helmet":1,"stat.pickup.minecraft.string":4,"stat.entityKilledBy.techguns.PsychoSteve":2,"stat.pickup.lycanitesmobs.scorchfireballcharge":4,"stat.craftItem.minecraft.stone_slab2":0,"stat.pickup.lycanitesmobs.raw_arisaur_meat":22,"stat.pickup.inventorypets.anvil_pet":3,"stat.killEntity.Squid":2,"stat.craftItem.thermalfoundation.tool.hammer_diamond":2,"stat.sprintOneCm":505696,"stat.craftItem.minecraft.stick":64,"stat.mineBlock.minecraft.diamond_ore":16,"stat.pickup.minecraft.grass":3,"stat.mineBlock.minecraft.crafting_table":9,"stat.useItem.minecraft.diamond_pickaxe":3,"stat.useItem.minecraft.ender_eye":9,"stat.mineBlock.quark.marble":152,"stat.pickup.minecraft.vine":4,"stat.drop":20,"stat.pickup.lycanitesmobs.immunizer":3,"stat.pickup.inventorypets.nugget_obsidian":10,"stat.killEntity.Sheep":11,"stat.pickup.minecraft.slime_ball":6,"stat.craftItem.minecraft.diamond_pickaxe":1,"stat.pickup.lycanitesmobs.raw_yale_meat":58,"stat.killEntity.Zombie":2,"stat.pickup.minecraft.snowball":5,"stat.craftItem.minecraft.diamond_axe":1,"stat.mineBlock.minecraft.gold_ore":28,"stat.diveOneCm":49288,"stat.pickup.minecraft.wheat":25,"stat.drop.minecraft.wooden_pickaxe":1,"stat.pickup.minecraft.gravel":25,"stat.craftItem.minecraft.cooked_porkchop":11,"stat.useItem.minecraft.diamond_axe":34,"stat.pickup.minecraft.stone_axe":10,"stat.pickup.minecraft.obsidian":25,"stat.jump":3208,"stat.pickup.minecraft.coal":445,"stat.pickup.minecraft.iron_ingot":52,"stat.useItem.minecraft.stone_axe":278,"stat.pickup.minecraft.gunpowder":29,"stat.craftItem.minecraft.torch":132,"stat.pickup.minecraft.dirt":3770,"stat.pickup.minecraft.iron_ore":283,"stat.pickup.lycanitesmobs.cooked_yale_meat":6,"stat.pickup.travellersboots.bootsmkiii":3,"stat.pickup.lycanitesmobs.poisongland":2,"reaper.kill":3,"stat.pickup.minecraft.gold_ore":67,"stat.mineBlock.minecraft.lapis_ore":5,"stat.pickup.minecraft.leather":114,"stat.damageTaken":7342,"stat.pickup.lycanitesmobs.raw_maka_meat":22,"stat.mineBlock.minecraft.furnace":5,"stat.mineBlock.minecraft.torch":11,"stat.useItem.minecraft.wooden_pickaxe":3,"stat.pickup.minecraft.ender_eye":3,"stat.pickup.minecraft.log2":227,"stat.pickup.minecraft.reeds":38,"volcan.kill":1,"stat.damageDealt":31113,"stat.craftItem.minecraft.glass":46,"stat.sleepInBed":4,"stat.killEntity.Cow":21,"stat.killEntity.Pig":14,"geonach.kill":41,"stat.pickup.techguns.itemshared":28,"stat.walkOneCm":632922,"stat.useItem.thermalfoundation.tool.hammer_diamond":928,"lurker.kill":1,"stat.pickup.minecraft.stick":147,"stat.pickup.minecraft.clay_ball":2,"spriggan.kill":4,"stat.pickup.lycanitesmobs.aetherwavecharge":2,"stat.pickup.lycanitesmobs.quillcharge":1,"stat.pickup.quark.stone_speleothem":1,"stat.craftItem.minecraft.writable_book":1,"stat.pickup.quark.root_flower":1,"stat.pickup.minecraft.stone":1766,"stat.drop.minecraft.egg":1,"stat.pickup.lycanitesmobs.crystalshardcharge":12,"stat.pickup.minecraft.cooked_beef":225,"stat.pickup.lycanitesmobs.reaperclaw":2,"stat.pickup.minecraft.gold_ingot":14,"stat.killEntity.Skeleton":1,"stat.mineBlock.minecraft.stonebrick":25,"stat.killEntity.Spider":1,"stat.pickup.minecraft.bread":3,"stat.mobKills":200,"stat.pickup.minecraft.quartz":233,"stat.pickup.lycanitesmobs.icefireballcharge":5,"stat.pickup.minecraft.diamond":102,"stat.mineBlock.minecraft.leaves":22,"stat.pickup.minecraft.torch":277,"stat.useItem.legendarium.weapon_alatar":1,"stat.mineBlock.minecraft.redstone_ore":64,"stat.craftItem.lycanitesmobs.cooked_yale_meat":7,"stat.drop.minecraft.stone_axe":2,"stat.mineBlock.minecraft.stone":4963}