{"stat.leaveGame":3,"stat.entityKilledBy.techguns.ZombieMiner":1,"stat.pickup.gravestone.death_info":2,"stat.craftItem.minecraft.ender_eye":1,"stat.entityKilledBy.techguns.ZombieFarmer":1,"stat.pickup.minecraft.porkchop":44,"stat.mineBlock.gravestone.gravestone":3,"stat.pickup.minecraft.rotten_flesh":4,"stat.pickup.minecraft.sand":47,"stat.craftItem.minecraft.stone_axe":3,"stat.entityKilledBy.techguns.ZombieSoldier":2,"stat.pickup.inventorypets.sheep_pet":1,"stat.mineBlock.minecraft.sand":47,"stat.pickup.quark.marble":12,"stat.killEntity.techguns.ZombieFarmer":6,"stat.pickup.quark.tallow":38,"stat.craftItem.minecraft.blaze_powder":2,"stat.craftItem.minecraft.wooden_pickaxe":1,"stat.pickup.dynamictrees.darkoakseed":8,"stat.drop.gravestone.death_info":11,"stat.pickup.thermalfoundation.material":1,"stat.pickup.techguns.basicore":137,"stat.furnaceInteraction":60,"stat.craftItem.lycanitesmobs.lifedraincharge":4,"stat.pickup.minecraft.beef":57,"stat.pickup.minecraft.furnace":12,"stat.pickup.lycanitesmobs.spectralboltcharge":6,"stat.craftItem.travellersboots.bootsmki":1,"afrit.kill":2,"stat.pickup.lycanitesmobs.raw_aspid_meat":4,"stat.craftItem.ironchest.iron_chest":10,"stat.pickup.minecraft.pumpkin_seeds":2,"stat.pickup.dynamictrees.oakseed":3,"stat.pickup.lycanitesmobs.raw_krake_meat":4,"stat.pickup.ironchest.iron_chest":8,"stat.deaths":10,"stat.pickup.minecraft.egg":1,"stat.playOneMinute":149915,"stat.pickup.minecraft.blaze_rod":3,"stat.craftItem.eplus.advanced_table":1,"stat.pickup.techguns.t1_miner_helmet":2,"stat.craftItem.minecraft.diamond_block":1,"aspid.kill":1,"stat.drop.minecraft.torch":1,"stat.mineBlock.minecraft.tallgrass":47,"stat.chestOpened":6,"aglebemu.kill":1,"maka.kill":14,"stat.pickup.inventorypets.nugget_ender":7,"geist.kill":1,"stat.craftItem.minecraft.iron_nugget":153,"stat.useItem.lycanitesmobs.cooked_yale_meat":1,"stat.fallOneCm":91097,"stat.crouchOneCm":4337,"stat.craftItem.minecraft.iron_ingot":78,"stat.craftItem.minecraft.chest":4,"stat.craftingTableInteraction":40,"stat.killEntity.techguns.Bandit":1,"stat.pickup.minecraft.feather":5,"stat.killEntity.techguns.ZombieMiner":7,"stat.useItem.minecraft.furnace":1,"stat.pickup.minecraft.dye":48,"stat.killEntity.Llama":2,"stat.pickup.minecraft.wheat_seeds":70,"stat.craftItem.thermalfoundation.tool.excavator_diamond":1,"stat.pickup.lycanitesmobs.geonachspear":3,"stat.mineBlock.minecraft.gravel":24,"stat.useItem.minecraft.stone_pickaxe":41,"stat.mineBlock.minecraft.dirt":1077,"arisaur.kill":3,"stat.useItem.minecraft.torch":83,"stat.pickup.lycanitesmobs.geonachfist":7,"stat.pickup.minecraft.iron_nugget":37,"stat.pickup.minecraft.crafting_table":13,"stat.mineBlock.techguns.basicore":64,"stat.useItem.minecraft.cobblestone":168,"stat.craftItem.minecraft.crafting_table":1,"stat.useItem.minecraft.gravel":3,"stat.mineBlock.minecraft.double_plant":1,"stat.craftItem.travellersboots.bootsmkiii":1,"stat.mineBlock.quark.stone_speleothem":1,"stat.pickup.minecraft.log":25,"stat.pickup.thermalfoundation.tool.hammer_diamond":8,"stat.pickup.usefulbackpacks.backpack":9,"stat.craftItem.usefulbackpacks.backpack":3,"stat.craftItem.minecraft.gold_ingot":53,"stat.pickup.minecraft.sapling":2,"stat.pickup.minecraft.apple":8,"stat.useItem.thermalfoundation.tool.excavator_diamond":198,"stat.pickup.inventorypets.nugget_emerald":5,"stat.craftItem.minecraft.planks":40,"stat.pickup.lycanitesmobs.lifedraincharge":3,"stat.mineBlock.minecraft.log":12,"stat.pickup.lycanitesmobs.cleansingcrystal":1,"stat.craftItem.minecraft.paper":6,"stat.sneakTime":1286,"stat.pickup.minecraft.wool":21,"stat.pickup.thermalfoundation.tool.excavator_diamond":5,"stat.craftItem.minecraft.enchanting_table":1,"stat.pickup.minecraft.bone":7,"stat.pickup.lycanitesmobs.sprigganheart":1,"stat.mineBlock.minecraft.cobblestone":36,"stat.pickup.minecraft.stone_pickaxe":10,"stat.pickup.minecraft.flint":2,"stat.craftItem.minecraft.wool":3,"stat.swimOneCm":48500,"stat.climbOneCm":615,"stat.pickup.minecraft.cooked_porkchop":10,"stat.craftItem.minecraft.gold_block":1,"stat.killEntity.techguns.ZombieSoldier":2,"stat.pickup.minecraft.writable_book":1,"stat.useItem.minecraft.dirt":74,"stat.useItem.minecraft.stone_slab2":20,"stat.killEntity.Piranha":1,"vapula.kill":3,"stat.craftItem.minecraft.furnace":2,"stat.pickup.thermalfoundation.ore":225,"stat.craftItem.travellersboots.bootsmkii":1,"stat.pickup.minecraft.enchanting_table":1,"stat.craftItem.minecraft.iron_boots":1,"stat.craftItem.minecraft.stone_pickaxe":1,"stat.craftItem.minecraft.cooked_beef":46,"stat.mineBlock.minecraft.obsidian":9,"stat.pickup.minecraft.cobblestone":4247,"stat.flyOneCm":725653,"stat.pickup.inventorypets.spider_pet":1,"stat.pickup.minecraft.fish":2,"stat.drop.minecraft.wheat_seeds":3,"stat.useItem.minecraft.cooked_beef":22,"stat.pickup.minecraft.redstone":377,"stat.mineBlock.minecraft.iron_ore":117,"stat.craftItem.minecraft.book":2,"yale.kill":8,"stat.timeSinceDeath":5554,"stat.pickup.minecraft.mutton":18,"stat.killEntity.techguns.SkeletonSoldier":3,"stat.craftItem.inventorypets.anvil_pet":1,"stat.mineBlock.thermalfoundation.ore":106,"stat.pickup.lycanitesmobs.afritlung":1,"krake.kill":2,"stat.useItem.minecraft.cooked_porkchop":12,"stat.mineBlock.minecraft.coal_ore":135,"stat.pickup.minecraft.string":4,"stat.entityKilledBy.techguns.PsychoSteve":2,"stat.pickup.lycanitesmobs.scorchfireballcharge":4,"stat.craftItem.minecraft.stone_slab2":0,"stat.pickup.lycanitesmobs.raw_arisaur_meat":22,"stat.pickup.inventorypets.anvil_pet":1,"stat.killEntity.Squid":2,"stat.craftItem.thermalfoundation.tool.hammer_diamond":1,"stat.sprintOneCm":303259,"stat.craftItem.minecraft.stick":64,"stat.mineBlock.minecraft.diamond_ore":16,"stat.mineBlock.minecraft.crafting_table":9,"stat.mineBlock.quark.marble":1,"stat.drop":18,"stat.pickup.inventorypets.nugget_obsidian":10,"stat.killEntity.Sheep":11,"stat.pickup.minecraft.slime_ball":6,"stat.pickup.lycanitesmobs.raw_yale_meat":18,"stat.killEntity.Zombie":2,"stat.mineBlock.minecraft.gold_ore":27,"stat.diveOneCm":28766,"stat.pickup.minecraft.wheat":18,"stat.drop.minecraft.wooden_pickaxe":1,"stat.pickup.minecraft.gravel":23,"stat.craftItem.minecraft.cooked_porkchop":11,"stat.pickup.minecraft.stone_axe":9,"stat.pickup.minecraft.obsidian":25,"stat.jump":2865,"stat.pickup.minecraft.coal":407,"stat.pickup.minecraft.iron_ingot":52,"stat.useItem.minecraft.stone_axe":212,"stat.pickup.minecraft.gunpowder":21,"stat.craftItem.minecraft.torch":88,"stat.pickup.minecraft.dirt":1391,"stat.pickup.minecraft.iron_ore":254,"stat.pickup.lycanitesmobs.cooked_yale_meat":6,"stat.pickup.travellersboots.bootsmkiii":2,"stat.pickup.lycanitesmobs.poisongland":2,"reaper.kill":2,"stat.pickup.minecraft.gold_ore":65,"stat.mineBlock.minecraft.lapis_ore":5,"stat.pickup.minecraft.leather":110,"stat.damageTaken":5297,"stat.pickup.lycanitesmobs.raw_maka_meat":22,"stat.mineBlock.minecraft.furnace":5,"stat.mineBlock.minecraft.torch":11,"stat.useItem.minecraft.wooden_pickaxe":3,"stat.pickup.minecraft.log2":164,"stat.pickup.minecraft.reeds":38,"volcan.kill":1,"stat.damageDealt":22319,"stat.craftItem.minecraft.glass":14,"stat.killEntity.Cow":21,"stat.killEntity.Pig":14,"geonach.kill":31,"stat.pickup.techguns.itemshared":24,"stat.walkOneCm":323564,"stat.useItem.thermalfoundation.tool.hammer_diamond":539,"lurker.kill":1,"stat.pickup.minecraft.stick":131,"spriggan.kill":2,"stat.craftItem.minecraft.writable_book":1,"stat.pickup.quark.root_flower":1,"stat.pickup.minecraft.stone":311,"stat.drop.minecraft.egg":1,"stat.pickup.lycanitesmobs.crystalshardcharge":12,"stat.pickup.minecraft.cooked_beef":179,"stat.pickup.lycanitesmobs.reaperclaw":2,"stat.pickup.minecraft.gold_ingot":14,"stat.killEntity.Spider":1,"stat.pickup.minecraft.bread":3,"stat.mobKills":145,"stat.pickup.minecraft.quartz":202,"stat.pickup.minecraft.diamond":42,"stat.mineBlock.minecraft.leaves":22,"stat.pickup.minecraft.torch":249,"stat.mineBlock.minecraft.redstone_ore":64,"stat.craftItem.lycanitesmobs.cooked_yale_meat":7,"stat.drop.minecraft.stone_axe":1,"stat.mineBlock.minecraft.stone":2658}